"Common name","Scientific name",Subspecies,Recordist,Date,Time,Location,Country,Latitude,Longitude,Elevation,Songtype,Remarks,Back_latin,"Catalogue number",License
"Red-rumped Swallow","Cecropis daurica",,"Jorge Leitão",2014-08-17,06:00,"Quinta dos Pinheiros, Lagos, Faro",Portugal,37.118,-8.6554,30,"male, song","

bird-seen:yes

playback-used:no","Streptopelia decaocto",732234,//creativecommons.org/licenses/by-nc-sa/4.0/
"Red-rumped Swallow","Cecropis daurica",japonica,"Geoff Carey",2002-06-12,16:00,"Wuyi Shan",China,27.8114,117.7247,750,"male, song","In village surrounded by agriculture.

bird-seen:yes

playback-used:no",,723730,//creativecommons.org/licenses/by-nc-sa/4.0/
"Red-rumped Swallow","Cecropis daurica",,"Jorge Leitão",2022-04-03,12:00,"Pinhal da Gelfa (near  Vila Praia de Âncora), Caminha, Viana do Castelo",Portugal,41.7993,-8.867,10,"flight call","

bird-seen:yes

playback-used:no",,713333,//creativecommons.org/licenses/by-nc-sa/4.0/
"Red-rumped Swallow","Cecropis daurica",,"Xavier Riera",2021-09-05,15:30,"Conca de Barberà (near  Vallclara), Tarragona, Catalunya",Spain,41.3782,0.9802,650,"alarm call, life stage uncertain, sex uncertain","

bird-seen:yes

playback-used:no",,672469,//creativecommons.org/licenses/by-nc-sa/4.0/
"Red-rumped Swallow","Cecropis daurica",,"Xavier Riera",2021-09-05,15:30,"Conca de Barberà (near  Vallclara), Tarragona, Catalunya",Spain,41.3782,0.9802,650,"flight call, life stage uncertain, sex uncertain","

bird-seen:yes

playback-used:no",,672468,//creativecommons.org/licenses/by-nc-sa/4.0/
"Red-rumped Swallow","Cecropis daurica",,"Hans Matheve",2021-05-25,?,"Gentbrugse Meersen (south), Destelbergen, Oost-Vlaanderen",Belgium,51.035,3.7878,0,"flight call","

bird-seen:yes

playback-used:no",,656929,//creativecommons.org/licenses/by-nc-nd/4.0/
"Red-rumped Swallow","Cecropis daurica",,"Jordi Calvet",2020-08-25,12:30,"Bellaguarda, Les Garrigues, Catalunya",Spain,41.3359,0.737,650,"adult, flight call, sex uncertain","

bird-seen:yes

playback-used:no",,587771,//creativecommons.org/licenses/by-nc-sa/4.0/
"Red-rumped Swallow","Cecropis daurica",,"Andrew Spencer",2019-04-03,6:12,"Hessaraghatta Kere, Karnataka",India,13.1487,77.4879,,call,"A single call from a bird flying close-by overhead. Archived at the Macaulay Library as ML148798971

bird-seen:yes

playback-used:no",,547901,//creativecommons.org/licenses/by-nc-nd/4.0/
"Red-rumped Swallow","Cecropis daurica",,"Peter Boesman",2019-10-31,16:30,"South Pare mountains, Kilimanjaro",Tanzania,-4.1581,37.8695,,song,,,509984,//creativecommons.org/licenses/by-nc-nd/4.0/
"Red-rumped Swallow","Cecropis daurica",rufula,"Lars Lachmann",2019-06-29,07:30,"Mexilhoeira Grande, Portimão, Faro",Portugal,37.2364,-8.592,80,song,"6 strophes of song of a bird perched on a wire near the nest with its partner (strophes at 0:00, 0:28, 0:37, 0:56, 1:06 and 1:15), breaks between strophes original length, recorded from about 4 m distance

bird-seen:yes

playback-used:no","Carduelis carduelis,Streptopelia decaocto,Passer domesticus,Sylvia atricapilla",485355,//creativecommons.org/licenses/by-nc-sa/4.0/
"Red-rumped Swallow","Cecropis daurica",rufula,"Boris Delahaie",2019-02-26,09:30,Taourta,Morocco,23.7946,-15.9105,0,"call, song","ca. 20 birds perched in trees in the morning.

Recording equipment: Olympus LS-12 + Sennheiser ME66

bird-seen:yes

playback-used:no",,463164,//creativecommons.org/licenses/by-nc-sa/4.0/
"Red-rumped Swallow","Cecropis daurica",rufula,"Boris Delahaie",2019-02-26,09:30,Taourta,Morocco,23.7946,-15.9105,0,"call, song","ca. 20 birds perched in trees in the morning.

Recording equipment: Olympus LS-12 + Sennheiser ME66

bird-seen:yes

playback-used:no",,463162,//creativecommons.org/licenses/by-nc-sa/4.0/
"Red-rumped Swallow","Cecropis daurica",,"Esperanza Poveda",2018-04-01,?,"Córdoba, Córdoba, Andalucía",Spain,37.8891,-4.7732,110,"call, song","Grabado en la antena del bloque de pisos donde resido. cerca hay zonas ajardinadas.

bird-seen:no

playback-used:no",,460972,//creativecommons.org/licenses/by-nc-sa/4.0/
"Red-rumped Swallow","Cecropis daurica",,"David Darrell-Lambert",2013-08-26,07:00,"Neo Chorio, Paphos",Cyprus,35.0523,32.3495,40,call,"

bird-seen:yes

playback-used:no",,447361,//creativecommons.org/licenses/by-nc-sa/4.0/
"Red-rumped Swallow","Cecropis daurica",,"Tejaswini Limaye",2018-11-15,18:10,"Bardez (near  Penha de França), North Goa, Goa",India,15.5334,73.8286,40,"flight call","4 individuals seen

bird-seen:yes

playback-used:no",,442768,//creativecommons.org/licenses/by-nc-sa/4.0/
"Red-rumped Swallow","Cecropis daurica",,"Peter Boesman",2017-12-10,10:00,"Area around Manyenjere forest, Nyika NP",Zambia,-10.58314,33.661119,,call,"Calls in flight.",,397895,//creativecommons.org/licenses/by-nc-nd/4.0/
"Red-rumped Swallow","Cecropis daurica",,"Joost van Bruggen",2017-08-03,07:28,"Achaia, Western Greece, Peloponnisos Dytiki Ellada ke Ionio",Greece,38.1576,21.4,10,"flight call, song","

bird-seen:yes

playback-used:no",,383401,//creativecommons.org/licenses/by-nc-sa/4.0/
"Red-rumped Swallow","Cecropis daurica",,"Francesco Sottile",2017-07-29,11:23,"Amendolara, Provincia di Cosenza, Calabria",Italy,40.0298,16.4759,260,"call, flight call, song","

bird-seen:yes

playback-used:no",,381917,//creativecommons.org/licenses/by-nc-sa/4.0/
"Red-rumped Swallow","Cecropis daurica",,"Jordi Calvet",2016-08-21,19:44,"Serrall de les Espadelles, El Priorat, Catalunya",Spain,41.3196,0.7883,700,"flight call","

bird-seen:yes

playback-used:no",,334161,//creativecommons.org/licenses/by-nc-sa/4.0/
"Red-rumped Swallow","Cecropis daurica",,"Jordi Calvet",2016-08-21,19:27,"Serrall de les Espadelles, El Priorat, Catalunya",Spain,41.3196,0.7883,700,"flight call","

bird-seen:yes

playback-used:no",,334159,//creativecommons.org/licenses/by-nc-sa/4.0/
"Red-rumped Swallow","Cecropis daurica",,"Andrew Spencer",2014-12-25,06:30,"Awash National Park",Ethiopia,8.92,40.043,1000,"call, song","calls and song from one of a small group of birds flying overhead, on tall, open grasslands.

bird-seen:yes

playback-used:no",,267777,//creativecommons.org/licenses/by-nc-sa/4.0/
"Red-rumped Swallow","Cecropis daurica",,"Jordi Calvet",2014-07-31,09:39,"Bellaguarda, Les Garrigues, Catalunya",Spain,41.3359,0.737,650,"flight call","

bird-seen:yes

playback-used:no",,193697,//creativecommons.org/licenses/by-nc-sa/4.0/
"Red-rumped Swallow","Cecropis daurica",,"Matthias Feuersenger",2013-09-02,17:00,"Ypsonas, Limassol",Cyprus,34.7196,32.9276,220,call,"Flock of birds perched on a wire. Age and sex of the birds recorded unknown. Equipment used: Telinga Pro7 Stereo Dat Mic, Sound devices 702.

bird-seen:yes

playback-used:no",,171583,//creativecommons.org/licenses/by-nc-sa/4.0/
"Red-rumped Swallow","Cecropis daurica",,"Matthias Feuersenger",2013-09-02,17:00,"Ypsonas, Limassol",Cyprus,34.7196,32.9276,220,call,"Flock of birds perched on a wire. Age and sex of the birds recorded unknown. Equipment used: Telinga Pro7 Stereo Dat Mic, Sound devices 702.

bird-seen:yes

playback-used:no",,171582,//creativecommons.org/licenses/by-nc-sa/4.0/
"Red-rumped Swallow","Cecropis daurica",,"Simone Todisco",2013-08-17,18:30,"Monopoli, Bari, Apulia",Italy,40.8921,17.2762,280,"flight call","

bird-seen:yes","Hirundo rustica",145577,//creativecommons.org/licenses/by-nc-sa/3.0/
"Red-rumped Swallow","Cecropis daurica",,"Jordi Calvet",2009-08-09,19:30,"Bellaguarda, Les Garrigues, Catalunya",Spain,41.3359,0.737,600,"calls of nestlings","call of 2 or 3 birds in the nest",,72802,//creativecommons.org/licenses/by-nc-nd/2.5/
"Red-rumped Swallow","Cecropis daurica",,Sergi,2022-05-04,08:10,"Plaça Vila VNG - Catalunya",Spain,41.2243,1.7254,20,"flight call, life stage uncertain, sex uncertain","

bird-seen:no

playback-used:no","Carduelis carduelis,Chloris chloris",721768,//creativecommons.org/licenses/by-nc-sa/4.0/
"Red-rumped Swallow","Cecropis daurica",,"Esperanza Poveda",2021-08-30,?,?,Spain,,,?,"adult, flight call, juvenile, sex uncertain","Grupo de golondrinas dáuricas alimentándose y bebiendo antes de anochecer. Grabación realizada en el puente de un curso de agua temporal ubicado en un bosque de tipo mediterráneo con mezcla de pinos y encinas, matorral de ribera y suelo rocoso y escarpado. es pleno verano y tan sólo quedan algunos charcos.

bird-seen:yes

playback-used:no",,701892,//creativecommons.org/licenses/by-nc-sa/4.0/
"Red-rumped Swallow","Cecropis daurica",,"Esperanza Poveda",2021-08-30,?,?,Spain,,,?,"adult, flight call, juvenile, sex uncertain","Grupo de golondrinas dáuricas alimentándose y bebiendo antes de anochecer. Grabación realizada en el puente de un curso de agua temporal ubicado en un bosque de tipo mediterráneo con mezcla de pinos y encinas, matorral de ribera y suelo rocoso y escarpado. es pleno verano y tan sólo quedan algunos charcos.

bird-seen:yes

playback-used:no",,701891,//creativecommons.org/licenses/by-nc-sa/4.0/
"Red-rumped Swallow","Cecropis daurica",,"Esperanza Poveda",2021-08-30,?,?,Spain,,,?,"adult, flight call, juvenile, sex uncertain","Grupo de golondrinas dáuricas alimentándose y bebiendo antes de anochecer. Grabación realizada en el puente de un curso de agua temporal ubicado en un bosque de tipo mediterráneo con mezcla de pinos y encinas, matorral de ribera y suelo rocoso y escarpado. es pleno verano y tan sólo quedan algunos charcos.

bird-seen:yes

playback-used:no",,701890,//creativecommons.org/licenses/by-nc-sa/4.0/
"Red-rumped Swallow","Cecropis daurica",,"Esperanza Poveda",2021-08-30,?,?,Spain,,,?,"adult, flight call, juvenile, sex uncertain","Grupo de golondrinas dáuricas alimentándose y bebiendo antes de anochecer. Grabación realizada en el puente de un curso de agua temporal ubicado en un bosque de tipo mediterráneo con mezcla de pinos y encinas, matorral de ribera y suelo rocoso y escarpado. es pleno verano y tan sólo quedan algunos charcos.

bird-seen:yes

playback-used:no",,701889,//creativecommons.org/licenses/by-nc-sa/4.0/
"Red-rumped Swallow","Cecropis daurica",,"Esperanza Poveda",2021-08-30,?,?,Spain,,,?,"adult, flight call, juvenile, sex uncertain","  Grupo de golondrinas dáuricas alimentándose y bebiendo antes de anochecer. Grabación realizada en el puente de un curso de agua temporal ubicado en un bosque de tipo mediterráneo con mezcla de pinos y encinas, matorral de ribera y suelo rocoso y escarpado. es pleno verano y tan sólo quedan algunos charcos.

bird-seen:yes

playback-used:no",,701888,//creativecommons.org/licenses/by-nc-sa/4.0/
"Red-rumped Swallow","Cecropis daurica",,"Bram Piot",2022-01-25,08:30,"Nong Khouay wetlands south, Vientiane Province",Laos,18.3861,102.4995,170,call,"Small group calling while sitting on wires and flying around

bird-seen:yes

playback-used:no",,700182,//creativecommons.org/licenses/by-nc-sa/4.0/
"Red-rumped Swallow","Cecropis daurica",,"Sreekumar Chirukandoth",2021-11-21,07:30,"Mangalam R.F., Vellore, Tamil Nadu",India,12.584,78.6526,1000,"adult, call, sex uncertain","A pair of birds were perched on a powerline...frequently chirping. <https://ebird.org/checklist/S97864830>

bird-seen:yes

playback-used:no","Passer domesticus",697566,//creativecommons.org/licenses/by-nc-sa/4.0/
"Red-rumped Swallow","Cecropis daurica",,"Sreekumar Chirukandoth",2021-11-21,07:30,"Mangalam R.F., Vellore, Tamil Nadu",India,12.584,78.6526,1000,"adult, call, sex uncertain","A pair of birds were perched on a powerline...frequently chirping. <https://ebird.org/checklist/S97864830>

bird-seen:yes

playback-used:no",,697564,//creativecommons.org/licenses/by-nc-sa/4.0/
"Red-rumped Swallow","Cecropis daurica",,"Sreekumar Chirukandoth",2021-11-21,07:30,"Mangalam R.F., Vellore, Tamil Nadu",India,12.584,78.6526,1000,"adult, call, sex uncertain","A pair of birds were perched on a powerline...frequently chirping. <https://ebird.org/checklist/S97864830>

bird-seen:no

playback-used:no",,697563,//creativecommons.org/licenses/by-nc-sa/4.0/
"Red-rumped Swallow","Cecropis daurica",,"Sreekumar Chirukandoth",2021-11-21,07:30,"Mangalam R.F., Vellore, Tamil Nadu",India,12.584,78.6526,1000,"adult, call, sex uncertain","A pair of birds were perched on a powerline...frequently chirping. <https://ebird.org/checklist/S97864830>

bird-seen:no

playback-used:no","Passer domesticus",697562,//creativecommons.org/licenses/by-nc-sa/4.0/
"Red-rumped Swallow","Cecropis daurica",,"Sreekumar Chirukandoth",2021-11-21,07:30,"Mangalam R.F., Vellore, Tamil Nadu",India,12.584,78.6526,1000,"adult, call, sex uncertain","A pair of birds were perched on a powerline...frequently chirping. <https://ebird.org/checklist/S97864830>

bird-seen:no

playback-used:no",,697561,//creativecommons.org/licenses/by-nc-sa/4.0/
"Red-rumped Swallow","Cecropis daurica",,"Sreekumar Chirukandoth",2021-11-21,06:30,"Mangalam R.F., Vellore, Tamil Nadu",India,12.584,78.6526,1000,"adult, call, sex uncertain","A pair of birds were perched on a powerline...frequently chirping. <https://ebird.org/checklist/S97864830>

bird-seen:no

playback-used:no",,697560,//creativecommons.org/licenses/by-nc-sa/4.0/
"Red-rumped Swallow","Cecropis daurica",,"Paulo Alves",2021-03-07,13:00,"Belver (near  Amieira do Tejo), Gavião, Portalegre District",Portugal,39.493,-7.8924,240,"alarm call, flight call, song","

bird-seen:yes

playback-used:no",,627383,//creativecommons.org/licenses/by-nc-sa/4.0/
"Red-rumped Swallow","Cecropis daurica",,"Rombout de Wijs",2011-05-00,?,"Monfragüe, Extremadura",Spain,39.80801,-5.9333,280,song,"from:""Extremadura"", 2011, Rombout de Wijs.

bird-seen:yes

playback-used:no","Delichon urbicum,Parus major,Certhia brachydactyla",611239,//creativecommons.org/licenses/by-nc-sa/4.0/
"Red-rumped Swallow","Cecropis daurica",,"Eduardo Realinho",2020-09-07,14:30,"Hoya de Huesca/Plana de Uesca (near  Agüero), Huesca, Aragón",Spain,42.3534,-0.7945,650,"flight call","High-pass 1500hz

Noise-reduction -5db

Normalized -6db

bird-seen:yes

playback-used:no",,587199,//creativecommons.org/licenses/by-nc-sa/4.0/
"Red-rumped Swallow","Cecropis daurica",,"Jordi Calvet",2020-08-21,12:00,"Bellaguarda, Les Garrigues, Catalunya",Spain,41.3359,0.737,650,"adult, flight call, sex uncertain","Windy

bird-seen:yes

playback-used:no",,585423,//creativecommons.org/licenses/by-nc-sa/4.0/
"Red-rumped Swallow","Cecropis daurica",,"Antonio Xeira",2020-07-03,16:30,"Ervedal, Avis, Portalegre",Portugal,39.0275,-7.8178,200,"adult, call, sex uncertain","Call heard often, this time of day, around occupied nest.  Both birds of the couple silent when perched on the wire and when one  flew away, the call, by the the one that stayed perched, was heard when the other return to the area. Probably a contact/recognition call.

Editing: Some amplification.
Equipment: Olympus LS-12 digital recorder with Wildtronics Mono amplified parabolic microphone.


bird-seen:yes

playback-used:no","Carduelis carduelis",573328,//creativecommons.org/licenses/by-nc-nd/4.0/
"Red-rumped Swallow","Cecropis daurica",,"Peter Boesman",2019-11-01,18:00,"Magamba forest reserve, Tanga",Tanzania,-4.7273,38.2506,,call,"Call in flight",,509985,//creativecommons.org/licenses/by-nc-nd/4.0/
"Red-rumped Swallow","Cecropis daurica",,"Tom Tarrant",2009-01-01,08:30,"Mossman, Douglas Shire, Queensland",Australia,-16.443,145.3782,10,song,"Originally filmed on New Years Day 2009 near Mossman in North Queensland
(see https://youtu.be/TJ0DTLhjuFc)

bird-seen:yes

playback-used:no",,502701,//creativecommons.org/licenses/by-nc-sa/4.0/
"Red-rumped Swallow","Cecropis daurica",,"Stein Ø. Nilsen",2018-12-26,13:00,"Igumbilo Ranch, Makete, Njombe, Mbeya Region",Tanzania,-9.2088,34.3008,2600,"call, flight call","Zoom H5 Telinga

bird-seen:no

playback-used:no",,493838,//creativecommons.org/licenses/by-nc-sa/4.0/
"Red-rumped Swallow","Cecropis daurica",,"Anon Torimi",2014-09-01,06:30,"Kyoto City, Kyoto Prefecture (location very approximate, either low mountain or suburban region)",Japan,35.0282,135.7626,?,call,"Gathering on an electric wire under cloudy sky (before rain). 
Another type of call (or song?).
In suburban region of Kyoto city.


bird-seen:yes

playback-used:no",,489638,//creativecommons.org/licenses/by-nc-sa/4.0/
"Red-rumped Swallow","Cecropis daurica",,"Anon Torimi",2019-06-18,06:20,"Kyoto City, Kyoto Prefecture (location very approximate, either low mountain or suburban region)",Japan,35.0282,135.7626,?,"alarm call, call","Alarm call (final call was by Hirundo rustica) against Corvus corone.


bird-seen:yes

playback-used:no","Hirundo rustica",482315,//creativecommons.org/licenses/by-nc-sa/4.0/
"Red-rumped Swallow","Cecropis daurica",,"Peter Boesman",2019-04-10,08:00,"Corbett NP, Uttaranchal",India,29.5334,78.9334,,Call,"Calls in flight.",,472618,//creativecommons.org/licenses/by-nc-nd/4.0/
"Red-rumped Swallow","Cecropis daurica",,"Anon Torimi",2019-05-10,07:55,"Kyoto City, Kyoto Prefecture (location very approximate, either low mountain or suburban region)",Japan,35.0282,135.7626,?,call,"Four birds assembled around the nest and issued this voice.


bird-seen:yes

playback-used:no",,472354,//creativecommons.org/licenses/by-nc-sa/4.0/
"Red-rumped Swallow","Cecropis daurica",,"Stanislas Wroza",2019-04-15,07:00,"Ersa, Haute-Corse, Corsica",France,43.0044,9.4058,0,"flight call","

bird-seen:yes

playback-used:no",,471959,//creativecommons.org/licenses/by-nc-sa/4.0/
"Red-rumped Swallow","Cecropis daurica",,"Stanislas Wroza",2019-04-15,07:00,"Ersa, Haute-Corse, Corsica",France,,,0,"flight call","

bird-seen:yes

playback-used:no",,471957,//creativecommons.org/licenses/by-nc-sa/4.0/
"Red-rumped Swallow","Cecropis daurica",,"Stanislas Wroza",2019-04-15,07:00,"Ersa, Haute-Corse, Corsica",France,43.0044,9.4058,0,"flight call","

bird-seen:yes

playback-used:no",,471955,//creativecommons.org/licenses/by-nc-sa/4.0/
"Red-rumped Swallow","Cecropis daurica",,"Stanislas Wroza",2019-04-12,07:00,"Rogliano, Haute-Corse, Corse",France,42.965,9.4512,0,"call, flight call","

bird-seen:yes

playback-used:no",,471774,//creativecommons.org/licenses/by-nc-sa/4.0/
"Red-rumped Swallow","Cecropis daurica",,"Jordi Calvet",2019-04-16,19:00,"Bellaguarda, Les Garrigues, Catalunya",Spain,41.3359,0.737,650,"song, song in flight","Two individuals in a flock with Hirundo rustica

bird-seen:yes

playback-used:no",,469885,//creativecommons.org/licenses/by-nc-sa/4.0/
"Red-rumped Swallow","Cecropis daurica",,"Thijs Fijen",2019-04-13,09:00,"La Lancha Road (near  Andújar), Jaén, Andalucía",Spain,38.2166,-3.9642,550,"call, song","

bird-seen:yes

playback-used:no","Sylvia melanocephala,Columba palumbus,Alectoris rufa,Coloeus monedula",467757,//creativecommons.org/licenses/by-nc-sa/4.0/
"Red-rumped Swallow","Cecropis daurica",,"Morvan Corentin",2019-03-28,09:00,"Oussertek, Al Haouz, Marrakech-Safi",Morocco,31.1998,-7.8888,2100,"flight call","

bird-seen:yes

playback-used:no",,464975,//creativecommons.org/licenses/by-nc-sa/4.0/
"Red-rumped Swallow","Cecropis daurica",,"Manuel Grosselet",2019-03-27,10:30,"En Hod East (near  Ein Hod), Hadera, Haifa District",Israel,32.7015,34.9833,140,"flight call","wildtronics mono amplified 
TAscam DR05 
three or 4 birds flying over head purshasing each other.

bird-seen:yes

playback-used:no",,464439,//creativecommons.org/licenses/by-nc-sa/4.0/
"Red-rumped Swallow","Cecropis daurica",,"Jorge Leitão",2017-08-24,18:33,"Praia da Arrifana, Aljezur, Faro",Portugal,37.2941,-8.8639,60,"flight call","

bird-seen:yes

playback-used:no","Saxicola rubicola",445700,//creativecommons.org/licenses/by-nc-sa/4.0/
"Red-rumped Swallow","Cecropis daurica",,"Jorge Leitão",2018-08-28,15:58,"Ponta da Piedade (near  Lagos), Lagos, Faro",Portugal,37.0796,-8.6686,20,"call, juvenile","Human voices

bird-seen:yes

playback-used:no","Passer domesticus,Sturnus unicolor",433098,//creativecommons.org/licenses/by-nc-sa/4.0/
"Red-rumped Swallow","Cecropis daurica",,"Jorge Leitão",2017-08-24,07:15,"Ponta da Piedade (near  Lagos), Lagos, Faro",Portugal,37.0796,-8.6686,20,call,"

bird-seen:yes

playback-used:no","Sturnus unicolor,Turdus merula,Sylvia melanocephala,Larus michahellis,Cyanopica cooki",433097,//creativecommons.org/licenses/by-nc-sa/4.0/
"Red-rumped Swallow","Cecropis daurica",,"Jordi Calvet",2018-08-18,20:00,"Bellaguarda, Les Garrigues, Catalunya",Spain,41.3359,0.737,650,"flight call, song, song in flight","

bird-seen:yes

playback-used:no",,432573,//creativecommons.org/licenses/by-nc-sa/4.0/
"Red-rumped Swallow","Cecropis daurica",,"Jordi Calvet",2018-08-18,19:00,"Bellaguarda, Les Garrigues, Catalunya",Spain,41.3359,0.737,650,"flight call","Birds in flight. Mixed flock: Hirundo rustica, Cecropis daurica and Delichon urbicum. Calls in flight of C.daurica 0:03; H.rustica 0:02 or 0:11

bird-seen:yes

playback-used:no","Hirundo rustica",432571,//creativecommons.org/licenses/by-nc-sa/4.0/
"Red-rumped Swallow","Cecropis daurica",,"Stanislas Wroza",2018-07-01,07:00,"Parque Nacional de Monfragüe (near  Torrejón el Rubio), Cáceres, Extremadura",Spain,39.8276,-6.0577,260,"call, flight call","

bird-seen:yes

playback-used:no",,423982,//creativecommons.org/licenses/by-nc-sa/4.0/
"Red-rumped Swallow","Cecropis daurica",,"Stanislas Wroza",2018-07-01,07:00,"Parque Nacional de Monfragüe (near  Torrejón el Rubio), Cáceres, Extremadura",Spain,39.8276,-6.0577,260,"call, flight call, song","

bird-seen:yes

playback-used:no",,423981,//creativecommons.org/licenses/by-nc-sa/4.0/
"Red-rumped Swallow","Cecropis daurica",,"Stanislas Wroza",2018-07-01,07:00,"Parque Nacional de Monfragüe (near  Torrejón el Rubio), Cáceres, Extremadura",Spain,39.8276,-6.0577,260,"call, flight call","

bird-seen:yes

playback-used:no",,423979,//creativecommons.org/licenses/by-nc-sa/4.0/
"Red-rumped Swallow","Cecropis daurica",,"Stanislas Wroza",2018-07-01,07:00,"Parque Nacional de Monfragüe (near  Torrejón el Rubio), Cáceres, Extremadura",Spain,39.8276,-6.0577,260,"call, flight call","

bird-seen:yes

playback-used:no",,423978,//creativecommons.org/licenses/by-nc-sa/4.0/
"Red-rumped Swallow","Cecropis daurica",,"Stanislas Wroza",2018-07-01,07:00,"Parque Nacional de Monfragüe (near  Torrejón el Rubio), Cáceres, Extremadura",Spain,39.8276,-6.0577,260,"call, flight call","

bird-seen:yes

playback-used:no",,423977,//creativecommons.org/licenses/by-nc-sa/4.0/
"Red-rumped Swallow","Cecropis daurica",,"Stanislas Wroza",2018-07-01,07:00,"Parque Nacional de Monfragüe (near  Torrejón el Rubio), Cáceres, Extremadura",Spain,39.8276,-6.0577,260,"call, flight call","

bird-seen:yes

playback-used:no",,423976,//creativecommons.org/licenses/by-nc-sa/4.0/
"Red-rumped Swallow","Cecropis daurica",,"Stanislas Wroza",2018-07-01,07:00,"Parque Nacional de Monfragüe (near  Torrejón el Rubio), Cáceres, Extremadura",Spain,39.8276,-6.0577,260,"call, flight call","

bird-seen:yes

playback-used:no",,423975,//creativecommons.org/licenses/by-nc-sa/4.0/
"Red-rumped Swallow","Cecropis daurica",,"Stanislas Wroza",2018-07-01,07:00,"Parque Nacional de Monfragüe (near  Torrejón el Rubio), Cáceres, Extremadura",Spain,39.8276,-6.0577,260,"call, flight call, song","

bird-seen:yes

playback-used:no",,423973,//creativecommons.org/licenses/by-nc-sa/4.0/
"Red-rumped Swallow","Cecropis daurica",,"Stanislas Wroza",2018-07-01,07:00,"Parque Nacional de Monfragüe (near  Torrejón el Rubio), Cáceres, Extremadura",Spain,39.8276,-6.0577,260,"call, flight call, song","

bird-seen:yes

playback-used:no",,423972,//creativecommons.org/licenses/by-nc-sa/4.0/
"Red-rumped Swallow","Cecropis daurica",,"Stanislas Wroza",2018-07-01,07:00,"Parque Nacional de Monfragüe (near  Torrejón el Rubio), Cáceres, Extremadura",Spain,39.8276,-6.0577,260,"call, flight call, song","

bird-seen:yes

playback-used:no",,423909,//creativecommons.org/licenses/by-nc-sa/4.0/
"Red-rumped Swallow","Cecropis daurica",,"Stanislas Wroza",2018-07-01,07:00,"Parque Nacional de Monfragüe (near  Torrejón el Rubio), Cáceres, Extremadura",Spain,39.8276,-6.0577,260,"call, flight call","

bird-seen:yes

playback-used:no",,423908,//creativecommons.org/licenses/by-nc-sa/4.0/
"Red-rumped Swallow","Cecropis daurica",,"Stanislas Wroza",2018-07-01,07:00,"Parque Nacional de Monfragüe (near  Torrejón el Rubio), Cáceres, Extremadura",Spain,39.8276,-6.0577,260,"call, flight call","

bird-seen:yes

playback-used:no",,423906,//creativecommons.org/licenses/by-nc-sa/4.0/
"Red-rumped Swallow","Cecropis daurica",,"Stanislas Wroza",2018-07-01,07:00,"Parque Nacional de Monfragüe (near  Torrejón el Rubio), Cáceres, Extremadura",Spain,39.8276,-6.0577,260,"call, flight call","

bird-seen:yes

playback-used:no",,423904,//creativecommons.org/licenses/by-nc-sa/4.0/
"Red-rumped Swallow","Cecropis daurica",,"Stanislas Wroza",2018-07-01,07:00,"Parque Nacional de Monfragüe (near  Torrejón el Rubio), Cáceres, Extremadura",Spain,39.8276,-6.0577,260,"call, flight call","

bird-seen:yes

playback-used:no",,423902,//creativecommons.org/licenses/by-nc-sa/4.0/
"Red-rumped Swallow","Cecropis daurica",,"Stanislas Wroza",2018-07-01,07:00,"Parque Nacional de Monfragüe (near  Torrejón el Rubio), Cáceres, Extremadura",Spain,39.8276,-6.0577,260,"call, flight call","

bird-seen:yes

playback-used:no",,423901,//creativecommons.org/licenses/by-nc-sa/4.0/
"Red-rumped Swallow","Cecropis daurica",,"Stanislas Wroza",2018-07-01,07:00,"Parque Nacional de Monfragüe (near  Torrejón el Rubio), Cáceres, Extremadura",Spain,39.8276,-6.0577,260,"call, flight call, song","

bird-seen:yes

playback-used:no",,423900,//creativecommons.org/licenses/by-nc-sa/4.0/
"Red-rumped Swallow","Cecropis daurica",,"Tejaswini Limaye",2018-06-28,07:54,"Bardez (near  Penha de França), North Goa, Goa",India,15.5334,73.8286,40,"begging call, call, juvenile, song","Two individuals perched on a window grill a few feet away. Another individual seen feeding them in response to the call.

bird-seen:yes

playback-used:no",,423136,//creativecommons.org/licenses/by-nc-sa/4.0/
"Red-rumped Swallow","Cecropis daurica",,"Tassos Sakoulis",2016-06-07,15:30,"Ioannina (near  Chionades), Epirus, Decentralized Administration of Epirus and Western Macedonia",Greece,40.2698,20.7401,1100,song,"

bird-seen:yes

playback-used:no",,411312,//creativecommons.org/licenses/by-nc-sa/4.0/
"Red-rumped Swallow","Cecropis daurica",,"Rory Nefdt",2017-09-20,18:30,"Aberdares Country Club, Nyeri County",Kenya,-0.3255,36.9325,2000,song,"

bird-seen:yes

playback-used:no",,399234,//creativecommons.org/licenses/by-nc-sa/4.0/
"Red-rumped Swallow","Cecropis daurica",,"Peter Boesman",2017-12-10,10:00,"Area around Manyenjere forest, Nyika NP",Zambia,-10.58314,33.661119,,call,"Calls in flight.",,397896,//creativecommons.org/licenses/by-nc-nd/4.0/
"Red-rumped Swallow","Cecropis daurica",,"Peter Boesman",2017-12-10,09:30,"Area around Manyenjere forest, Nyika NP",Zambia,-10.58314,33.661119,,call,"Calls in flight.",,397894,//creativecommons.org/licenses/by-nc-nd/4.0/
"Red-rumped Swallow","Cecropis daurica",,"Esperanza Poveda",2017-08-20,?,"Santa María de Trassierra, Córdoba, Andalucía",Spain,37.9217,-4.8902,400,"call, female, flight call, male, song","El ambiente donde se ha realizado la grabación es una urbanización ubicada en la sierra pero donde aún queda bastante arbolado entre las casas. Sobre un cable se reúnen decenas de golondrinas dáuricas lo cual, aunque la especie es cada vez más común, todavía es inusual.

bird-seen:yes

playback-used:no",,390265,//creativecommons.org/licenses/by-nc-sa/4.0/
"Red-rumped Swallow","Cecropis daurica",,"Esperanza Poveda",2017-08-20,?,"Santa María de Trassierra, Córdoba, Andalucía",Spain,37.9217,-4.8902,400,"call, female, flight call, male, song","El ambiente donde se ha realizado la grabación es una urbanización ubicada en la sierra pero donde aún queda bastante arbolado entre las casas. Sobre un cable se reúnen decenas de golondrinas dáuricas lo cual, aunque la especie es cada vez más común, todavía es inusual.

bird-seen:yes

playback-used:no",,390263,//creativecommons.org/licenses/by-nc-sa/4.0/
"Red-rumped Swallow","Cecropis daurica",,"Esperanza Poveda",2017-08-20,?,"Santa María de Trassierra, Córdoba, Andalucía",Spain,37.9217,-4.8902,400,"call, female, flight call, male, song","El ambiente donde se ha realizado la grabación es una urbanización ubicada en la sierra pero donde aún queda bastante arbolado entre las casas. Sobre un cable se reúnen decenas de golondrinas dáuricas lo cual, aunque la especie es cada vez más común, todavía es inusual.

bird-seen:yes

playback-used:no",,390262,//creativecommons.org/licenses/by-nc-sa/4.0/
"Red-rumped Swallow","Cecropis daurica",,"Esperanza Poveda",2017-08-20,?,"Santa María de Trassierra, Córdoba, Andalucía",Spain,37.9217,-4.8902,400,"call, female, flight call, male, song","El ambiente donde se ha realizado la grabación es una urbanización ubicada en la sierra pero donde aún queda bastante arbolado entre las casas. Sobre un cable se reúnen decenas de golondrinas dáuricas lo cual, aunque la especie es cada vez más común, todavía es inusual.

bird-seen:yes

playback-used:no",,390260,//creativecommons.org/licenses/by-nc-sa/4.0/
"Red-rumped Swallow","Cecropis daurica",,"Esperanza Poveda",2017-08-20,?,"Santa María de Trassierra, Córdoba, Andalucía",Spain,37.9217,-4.8902,400,"call, female, flight call, male, song","El ambiente donde se ha realizado la grabación es una urbanización ubicada en la sierra pero donde aún queda bastante arbolado entre las casas. Sobre un cable se reúnen decenas de golondrinas dáuricas lo cual, aunque la especie es cada vez más común, todavía es inusual.

bird-seen:yes

playback-used:no",,390259,//creativecommons.org/licenses/by-nc-sa/4.0/
"Red-rumped Swallow","Cecropis daurica",,"Esperanza Poveda",2017-08-20,?,"Santa María de Trassierra, Córdoba, Andalucía",Spain,37.9217,-4.8902,400,"call, female, flight call, male, song","El ambiente donde se ha realizado la grabación es una urbanización ubicada en la sierra pero donde aún queda bastante arbolado entre las casas. Sobre un cable se reúnen decenas de golondrinas dáuricas lo cual, aunque la especie es cada vez más común, todavía es inusual.

bird-seen:yes

playback-used:no",,390257,//creativecommons.org/licenses/by-nc-sa/4.0/
"Red-rumped Swallow","Cecropis daurica",,"Esperanza Poveda",2017-08-20,?,"Santa María de Trassierra, Córdoba, Andalucía",Spain,37.9217,-4.8902,400,"call, female, flight call, male, song","El ambiente donde se ha realizado la grabación es una urbanización ubicada en la sierra pero donde aún queda bastante arbolado entre las casas. Sobre un cable se reúnen decenas de golondrinas dáuricas lo cual, aunque la especie es cada vez más común, todavía es inusual.

bird-seen:yes

playback-used:no",,390256,//creativecommons.org/licenses/by-nc-sa/4.0/
"Red-rumped Swallow","Cecropis daurica",,"Esperanza Poveda",2017-08-20,?,"Santa María de Trassierra, Córdoba, Andalucía",Spain,37.9217,-4.8902,400,"call, female, flight call, male, song","El ambiente donde se ha realizado la grabación es una urbanización ubicada en la sierra pero donde aún queda bastante arbolado entre las casas. Sobre un cable se reúnen decenas de golondrinas dáuricas lo cual, aunque la especie es cada vez más común, todavía es inusual.

bird-seen:yes

playback-used:no",,390255,//creativecommons.org/licenses/by-nc-sa/4.0/
"Red-rumped Swallow","Cecropis daurica",,"Esperanza Poveda",2017-08-20,?,"Santa María de Trassierra, Córdoba, Andalucía",Spain,37.9217,-4.8902,400,"call, female, flight call, male, song","El ambiente donde se ha realizado la grabación es una urbanización ubicada en la sierra pero donde aún queda bastante arbolado entre las casas. Sobre un cable se reúnen decenas de golondrinas dáuricas lo cual, aunque la especie es cada vez más común, todavía es inusual.

bird-seen:yes

playback-used:no",,390253,//creativecommons.org/licenses/by-nc-sa/4.0/
"Red-rumped Swallow","Cecropis daurica",,"Esperanza Poveda",2017-08-20,?,"Santa María de Trassierra, Córdoba, Andalucía",Spain,37.9217,-4.8902,400,"call, female, flight call, male, song","El ambiente donde se ha realizado la grabación es una urbanización ubicada en la sierra pero donde aún queda bastante arbolado entre las casas. Sobre un cable se reúnen decenas de golondrinas dáuricas lo cual, aunque la especie es cada vez más común, todavía es inusual.

bird-seen:yes

playback-used:no",,390252,//creativecommons.org/licenses/by-nc-sa/4.0/
"Red-rumped Swallow","Cecropis daurica",,"Esperanza Poveda",2017-08-20,?,"Santa María de Trassierra, Córdoba, Andalucía",Spain,37.9217,-4.8902,400,"call, female, flight call, male, song","El ambiente donde se ha realizado la grabación es una urbanización ubicada en la sierra pero donde aún queda bastante arbolado entre las casas. Sobre un cable se reúnen decenas de golondrinas dáuricas lo cual, aunque la especie es cada vez más común, todavía es inusual.

bird-seen:yes

playback-used:no",,390250,//creativecommons.org/licenses/by-nc-sa/4.0/
"Red-rumped Swallow","Cecropis daurica",,"Jordi Calvet",2017-08-04,20:00,"Bellaguarda, Les Solanes, Les Garrigues, Catalunya",Spain,41.329,0.743,650,"flight call","Two birds in flight

bird-seen:yes

playback-used:no",,385379,//creativecommons.org/licenses/by-nc-sa/4.0/
"Red-rumped Swallow","Cecropis daurica",,"Alexandre Moreira",2017-08-26,11:00,"Nuzêdo, Vila Pouca de Aguiar, Vila Real",Portugal,41.5157,-7.6219,700,call,"

bird-seen:yes

playback-used:no",,384434,//creativecommons.org/licenses/by-nc-sa/4.0/
"Red-rumped Swallow","Cecropis daurica",,"Joost van Bruggen",2017-08-02,08:09,"Achaia, Western Greece, Peloponnisos Dytiki Ellada ke Ionio",Greece,38.1573,21.4003,10,"flight call","small flock of about 15 individuals

bird-seen:yes

playback-used:no",,383377,//creativecommons.org/licenses/by-nc-sa/4.0/
"Red-rumped Swallow","Cecropis daurica",rufula,"Bram Piot",2017-08-04,07:45,"Cascais, Lisboa",Portugal,38.6907,-9.4264,10,call,"2-3 birds calling while flying around

bird-seen:yes

playback-used:no","Sylvia atricapilla",382091,//creativecommons.org/licenses/by-nc-sa/4.0/
"Red-rumped Swallow","Cecropis daurica",,"Anon Torimi",2017-06-19,06:30,"Kyoto City, Kyoto Prefecture (location very approximate, either low mountain or suburban region)",Japan,35.0282,135.7626,?,"alarm call, call","Alarm call?  Voice from an adult bird in a family.

bird-seen:yes

playback-used:no","Passer montanus",376096,//creativecommons.org/licenses/by-nc-sa/4.0/
"Red-rumped Swallow","Cecropis daurica",,"isaac kilusu",2017-03-22,?,"kilima safari camp ,amboseli",Kenya,-2.651,37.187,1100,call,"two individual seen calling on top of a roof in the early morning

bird-seen:yes

playback-used:no",,371367,//creativecommons.org/licenses/by-nc-sa/4.0/
"Red-rumped Swallow","Cecropis daurica",rufula,"Bram Piot",2017-05-12,11:00,"Oukaimeden (village), Marrakech-Tensift-Al Haouz",Morocco,31.2057,-7.8583,2600,call,"Two birds calling while flying around the village

bird-seen:yes

playback-used:no","Serinus serinus",370598,//creativecommons.org/licenses/by-nc-sa/4.0/
"Red-rumped Swallow","Cecropis daurica",emini,"Frank Lambert",2015-12-01,11:00,"Malawi-Zambia border nr Chelinda, Nyika NP, Chitipa, Northern Region",Zambia,-10.5714,33.6891,2100,"flight call","Although the birds were seen, views were poor and there is a small possibility that this was in fact Red-breasted Swallow C. semirufa but the voice does not seem to match that species. The birds were flying around exposed rocks where they were possibly breeding.

bird-seen:yes

playback-used:no",,365004,//creativecommons.org/licenses/by-nc-nd/4.0/
"Red-rumped Swallow","Cecropis daurica",,"José Carlos Sires",2016-06-18,?,"sanlúcar de barrameda, cádiz, andalucía",Spain,36.7663,-6.346,?,"male, song","Varios individuos posados en un cable de la luz en una casa de campo. Sólo uno cantaba.

bird-seen:yes

playback-used:no",,333855,//creativecommons.org/licenses/by-nc-sa/4.0/
"Red-rumped Swallow","Cecropis daurica",,"Francesco Sottile",2016-08-20,10:41,"Scala Coeli, Provincia di Cosenza, Calabria",Italy,39.4292,16.8956,120,"flight call","Pair near the nest.

bird-seen:yes

playback-used:no",,331732,//creativecommons.org/licenses/by-nc-sa/4.0/
"Red-rumped Swallow","Cecropis daurica",,"Jordi Calvet",2010-04-26,10:45,"El Bages (near  Marganell), Barcelona, Catalunya",Spain,41.6095,1.8084,700,"flight call","

bird-seen:yes

playback-used:no",,330070,//creativecommons.org/licenses/by-nc-sa/4.0/
"Red-rumped Swallow","Cecropis daurica",,"Louis A. Hansen",2016-06-05,06:01,"Gedser, Danmarksgade",Denmark,54.5789,11.9284,8,call,"Not breeding area. Call while feeding together with 3-5 barn swallows and the same number of house martins - had possible used the local water tower (nowadays a small museum) as a night roost.

bird-seen:yes

playback-used:no",,325218,//creativecommons.org/licenses/by-nc-sa/4.0/
"Red-rumped Swallow","Cecropis daurica",,"Anon Torimi",2016-06-25,06:30,"Kyoto City, Kyoto Prefecture (location very approximate, either low mountain or suburban region)",Japan,35.0282,135.7626,?,call,"Near the colony.   The initial and 0:07 notes are relatively
uncommon.   The bird was probably excited when two families
closely encountered.

bird-seen:yes

playback-used:no","Passer montanus",323996,//creativecommons.org/licenses/by-nc-sa/4.0/
"Red-rumped Swallow","Cecropis daurica",,"Anon Torimi",2016-06-17,06:30,"Kyoto City, Kyoto Prefecture (location very approximate, either low mountain or suburban region)",Japan,35.0282,135.7626,?,"begging call, voice of nestlings","Voice of nestlings when fed.

bird-seen:yes

playback-used:no","Passer montanus",322087,//creativecommons.org/licenses/by-nc-sa/4.0/
"Red-rumped Swallow","Cecropis daurica",,"Anon Torimi",2016-06-17,06:30,"Kyoto City, Kyoto Prefecture (location very approximate, either low mountain or suburban region)",Japan,35.0282,135.7626,?,call,"

bird-seen:yes

playback-used:no",,322085,//creativecommons.org/licenses/by-nc-sa/4.0/
"Red-rumped Swallow","Cecropis daurica",,"Anon Torimi",2016-06-16,06:00,"Kyoto City, Kyoto Prefecture (location very approximate, either low mountain or suburban region)",Japan,35.0282,135.7626,?,"begging call, voice of nestlings","Voice of nestlings.   Fed at 0:04.

bird-seen:yes

playback-used:no","Passer montanus",321860,//creativecommons.org/licenses/by-nc-sa/4.0/
"Red-rumped Swallow","Cecropis daurica",,"Anon Torimi",2016-06-15,06:00,"Kyoto City, Kyoto Prefecture (location very approximate, either low mountain or suburban region)",Japan,35.0282,135.7626,?,"begging call, voice of nestlings","Voice of nestlings (when fed).


bird-seen:yes

playback-used:no","Hypsipetes amaurotis",321644,//creativecommons.org/licenses/by-nc-sa/4.0/
"Red-rumped Swallow","Cecropis daurica",,"Anon Torimi",2016-06-14,06:30,"Kyoto City, Kyoto Prefecture (location very approximate, either low mountain or suburban region)",Japan,35.0282,135.7626,?,"begging call, call, voice of nestlings","Near the breeding colony.  Voice of nestlings from the nest.

bird-seen:yes

playback-used:no","Motacilla cinerea,Ficedula narcissina",321502,//creativecommons.org/licenses/by-nc-sa/4.0/
"Red-rumped Swallow","Cecropis daurica",,"Anon Torimi",2016-06-14,06:00,"Kyoto City, Kyoto Prefecture (location very approximate, either low mountain or suburban region)",Japan,35.0282,135.7626,?,call,"Near the breeding colony.

bird-seen:yes

playback-used:no",,321501,//creativecommons.org/licenses/by-nc-sa/4.0/
"Red-rumped Swallow","Cecropis daurica",,"Anon Torimi",2016-06-14,06:00,"Kyoto City, Kyoto Prefecture (location very approximate, either low mountain or suburban region)",Japan,35.0282,135.7626,?,call,"Near the breeding colony.

bird-seen:yes

playback-used:no","Ficedula narcissina",321500,//creativecommons.org/licenses/by-nc-sa/4.0/
"Red-rumped Swallow","Cecropis daurica",,"Anon Torimi",2016-06-14,06:00,"Kyoto City, Kyoto Prefecture (location very approximate, either low mountain or suburban region)",Japan,35.0282,135.7626,?,call,"Near the breeding colony.

bird-seen:yes

playback-used:no","Passer montanus,Ficedula narcissina",321499,//creativecommons.org/licenses/by-nc-sa/4.0/
"Red-rumped Swallow","Cecropis daurica",,"José Carlos Sires",2016-05-20,?,"la lantejuela, sevilla, andalucía",Spain,37.3629,-5.2286,?,"flight call","Grabación realizada en un cortijo avandonado rodeado de un mosaico de valdíos, campos de cereal y olivares.

bird-seen:yes

playback-used:no",,318425,//creativecommons.org/licenses/by-nc-sa/4.0/
"Red-rumped Swallow","Cecropis daurica",,"José Carlos Sires",2016-03-29,?,"brazo del este, sevilla, andalucía",Spain,37.0951,-6.0386,?,"flight call","El ecosistema consiste en una serie de canales de regadío inundados orlados de vegetación riparia como carrizos, juncos, eneas y tarajes. dichas acequias están diseñadas para inundar los campos de arroz de la zona que todavía están sin plantar. Además hay almajares, campos de cultivo y valdíos.


bird-seen:yes

playback-used:no",,310405,//creativecommons.org/licenses/by-nc-sa/4.0/
"Red-rumped Swallow","Cecropis daurica",,"Peter Boesman",2015-12-03,18:00,"Debre Birhan area",Ethiopia,9.670645,39.533701,,"flight call",,,300083,//creativecommons.org/licenses/by-nc-nd/4.0/
"Red-rumped Swallow","Cecropis daurica",,"Joost van Bruggen",2015-06-07,11:00,"Vale de Afonsinho, Figueira de Castelo Rodrigo, Guarda",Portugal,40.9143,-7.0926,420,"call, female, male","some frogs in the pool too

bird-seen:yes

playback-used:no",,293580,//creativecommons.org/licenses/by-nc-sa/4.0/
"Red-rumped Swallow","Cecropis daurica",,"José Carlos Sires",2015-05-26,?,"observatorio del acebuche, el rocío, huelva, andalucía",Spain,37.0477,-6.5657,?,"call, female, male","Esta pareja estaba anidando en el techo de un porche cerca de una pareja de Hirundo Rustica. Se encontraban ya acabando de reparar el nido y había poca actividad sonora. Además hacía viento por lo que la mayor parte de lo que saqué no era aprovechable. Dejé la grabadora durante un par de horas escondida en un macetero. En este lugar se encuentra un centro de interpretación de la naturaleza además del centro de cría del lince ibérico, Lins Pardinus. Además hay una serie de senderos para observar la naturaleza de la zona, principalmente un bosque de pinos y alguna laguna y arroyo.


bird-seen:yes

playback-used:no",,278139,//creativecommons.org/licenses/by-nc-sa/4.0/
"Red-rumped Swallow","Cecropis daurica",japonica,"Albert Lastukhin",2015-05-03,11:00,"Khorolskiy rayon, Primorskiy kray","Russian Federation",44.2353,132.1466,100,call,"

bird-seen:yes

playback-used:no",,267443,//creativecommons.org/licenses/by-nc-sa/4.0/
"Red-rumped Swallow","Cecropis daurica",japonica,"Albert Lastukhin",2015-04-17,11:00,"Gornyy Khutor, Chernigovskiy rayon, Primorskiy kray","Russian Federation",44.3602,132.7989,180,"call, male, song","

bird-seen:yes

playback-used:no",,267441,//creativecommons.org/licenses/by-nc-sa/4.0/
"Red-rumped Swallow","Cecropis daurica",,"Bernard BOUSQUET",2015-04-28,16:00,"Monfragüe National Park (near  Serradilla), Cáceres, Extremadura",Spain,39.8292,-6.0599,220,"flight call","

bird-seen:yes

playback-used:no","Troglodytes troglodytes",243483,//creativecommons.org/licenses/by-nc-sa/4.0/
"Red-rumped Swallow","Cecropis daurica",,"Mandar Bhagat",2015-01-30,08:00,"Nr BITS Pilani ,Goa Campus, Sancoale, South Goa.",India,15.3917,73.8864,70,song,"15-20 birds were perching on a wire.Few of them were exchanging these calls repeatedly with normal calls. 

bird-seen:yes

playback-used:no",,213993,//creativecommons.org/licenses/by-nc-sa/4.0/
"Red-rumped Swallow","Cecropis daurica",,"Rajgopal Patil",2014-09-23,11:50,"Pabe Ghat, Pune, Maharashtra",India,18.3344,73.6749,950,"call, flight call","

bird-seen:yes

playback-used:no","Pycnonotus cafer",207025,//creativecommons.org/licenses/by-nc-sa/4.0/
"Red-rumped Swallow","Cecropis daurica",,"Anon Torimi",2014-10-15,06:45,"Kyoto City, Kyoto Prefecture (location very approximate, either low mountain or suburban region)",Japan,35.0282,135.7626,?,call,"A flock of about 30 birds.  Flying, then perched on an electric wire,
then quickly flew up.
In suburban region of Kyoto city.


bird-seen:yes

playback-used:no","Parus minor,Zosterops japonicus,Hypsipetes amaurotis,Motacilla cinerea",198789,//creativecommons.org/licenses/by-nc-sa/4.0/
"Red-rumped Swallow","Cecropis daurica",,"Anon Torimi",2014-10-01,07:00,"Kyoto City, Kyoto Prefecture (location very approximate, either low mountain or suburban region)",Japan,35.0282,135.7626,?,call,"A flock of 11 birds on an electric wire.  This voice bears some characteristics of the song. 
In suburban region of Kyoto city.
Same flock as in XC197351.


bird-seen:yes

playback-used:no",,197352,//creativecommons.org/licenses/by-nc-sa/4.0/
"Red-rumped Swallow","Cecropis daurica",,"Anon Torimi",2014-10-01,07:00,"Kyoto City, Kyoto Prefecture (location very approximate, either low mountain or suburban region)",Japan,35.0282,135.7626,?,call,"A flock of 11 birds on an electric wire.  This voice bears some characteristics of the song. 
In suburban region of Kyoto city.

bird-seen:yes

playback-used:no",,197351,//creativecommons.org/licenses/by-nc-sa/4.0/
"Red-rumped Swallow","Cecropis daurica",,"Andrew Mascarenhas",2010-05-12,09:30,"Pilerne, Goa",India,15.5334,73.8167,50,song,Courtship,,196655,//creativecommons.org/licenses/by-nc-sa/4.0/
"Red-rumped Swallow","Cecropis daurica",,"Anon Torimi",2014-09-09,06:30,"Kyoto City, Kyoto Prefecture (location very approximate, either low mountain or suburban region)",Japan,35.0282,135.7626,?,call,"About 20 birds on electric wires, mostly juvenile.
In suburban region of Kyoto city.


bird-seen:yes

playback-used:no","Motacilla cinerea",194857,//creativecommons.org/licenses/by-nc-sa/4.0/
"Red-rumped Swallow","Cecropis daurica",,"Anon Torimi",2014-09-07,06:30,"Kyoto City, Kyoto Prefecture (location very approximate, either low mountain or suburban region)",Japan,35.0282,135.7626,?,call,"Preening in a small (6 birds) group on an electric wire.
More active in the later part.
In suburban region of Kyoto city.

bird-seen:yes

playback-used:no","Parus minor,Streptopelia orientalis,Hypsipetes amaurotis",194499,//creativecommons.org/licenses/by-nc-sa/4.0/
"Red-rumped Swallow","Cecropis daurica",,"Anon Torimi",2014-09-07,06:30,"Kyoto City, Kyoto Prefecture (location very approximate, either low mountain or suburban region)",Japan,35.0282,135.7626,?,"call, flight call","In flight (for foraging).
In suburban region of Kyoto city.

bird-seen:yes

playback-used:no",,194491,//creativecommons.org/licenses/by-nc-sa/4.0/
"Red-rumped Swallow","Cecropis daurica",,"Anon Torimi",2014-09-07,08:00,"Kyoto City, Kyoto Prefecture (location very approximate, either low mountain or suburban region)",Japan,35.0282,135.7626,?,"call, song","About ten birds (both juveniles and adults) gathered on electric wires.
In suburban region of Kyoto city.
Around 0:11 a part of song can be heard.
Artificial noise (bell ring) at 0:04.
Same flock as in XC194482.

bird-seen:yes

playback-used:no",,194485,//creativecommons.org/licenses/by-nc-sa/4.0/
"Red-rumped Swallow","Cecropis daurica",,"Anon Torimi",2014-09-07,08:00,"Kyoto City, Kyoto Prefecture (location very approximate, either low mountain or suburban region)",Japan,35.0282,135.7626,?,"call, song","About ten birds (both juveniles and adults) gathered on electric wires.
In suburban region of Kyoto city.
Around 0:29-0:31 a part of song can be heard.
Same flock as in XC194482.

bird-seen:yes

playback-used:no","Passer montanus",194484,//creativecommons.org/licenses/by-nc-sa/4.0/
"Red-rumped Swallow","Cecropis daurica",,"Anon Torimi",2014-09-07,08:00,"Kyoto City, Kyoto Prefecture (location very approximate, either low mountain or suburban region)",Japan,35.0282,135.7626,?,call,"About ten birds (both juveniles and adults) gathered on electric wires.
In suburban region of Kyoto city.
Same flock as in XC194482.


bird-seen:yes

playback-used:no",,194483,//creativecommons.org/licenses/by-nc-sa/4.0/
"Red-rumped Swallow","Cecropis daurica",,"Anon Torimi",2014-09-07,08:00,"Kyoto City, Kyoto Prefecture (location very approximate, either low mountain or suburban region)",Japan,35.0282,135.7626,?,call,"About ten birds (both juveniles and adults) gathered on electric wires.
In suburban region of Kyoto city.
Some artificial noise is present in the first half.


bird-seen:yes

playback-used:no",,194482,//creativecommons.org/licenses/by-nc-sa/4.0/
"Red-rumped Swallow","Cecropis daurica",,"Anon Torimi",2014-09-02,06:30,"Kyoto City, Kyoto Prefecture (location very approximate, either low mountain or suburban region)",Japan,35.0282,135.7626,?,"call, juvenile","Same ones as in XC193866 after taking off.  Fine weather.
In suburban region of Kyoto city.

bird-seen:yes

playback-used:no",,193867,//creativecommons.org/licenses/by-nc-sa/4.0/
"Red-rumped Swallow","Cecropis daurica",,"Anon Torimi",2014-09-02,06:30,"Kyoto City, Kyoto Prefecture (location very approximate, either low mountain or suburban region)",Japan,35.0282,135.7626,?,"call, juvenile","Two young birds on an electric wire.  Fine weather.
In suburban region of Kyoto city.

bird-seen:yes

playback-used:no",,193866,//creativecommons.org/licenses/by-nc-sa/4.0/
"Red-rumped Swallow","Cecropis daurica",,"Anon Torimi",2014-09-01,06:30,"Kyoto City, Kyoto Prefecture (location very approximate, either low mountain or suburban region)",Japan,35.0282,135.7626,?,"begging call, call","Gathering on an electric wire under cloudy sky (before rain).
Begging call and feeding by a parent in the middle of the recording.
In suburban region of Kyoto city.

bird-seen:yes

playback-used:no",,193689,//creativecommons.org/licenses/by-nc-sa/4.0/
"Red-rumped Swallow","Cecropis daurica",,"Anon Torimi",2014-09-01,06:30,"Kyoto City, Kyoto Prefecture (location very approximate, either low mountain or suburban region)",Japan,35.0282,135.7626,?,call,"Gathering on an electric wire under cloudy sky (before rain).
Another type of call.
In suburban region of Kyoto city.
Low-frequency wind noise has been suppressed.

bird-seen:yes

playback-used:no",,193687,//creativecommons.org/licenses/by-nc-sa/4.0/
"Red-rumped Swallow","Cecropis daurica",,"Anon Torimi",2014-09-01,06:30,"Kyoto City, Kyoto Prefecture (location very approximate, either low mountain or suburban region)",Japan,35.0282,135.7626,?,"call, juvenile","Gathering on an electric wire under cloudy sky (before rain).
Calls of juvenile birds.
In suburban region of Kyoto city.

bird-seen:yes

playback-used:no",,193686,//creativecommons.org/licenses/by-nc-sa/4.0/
"Red-rumped Swallow","Cecropis daurica",,"Anon Torimi",2014-09-01,06:30,"Kyoto City, Kyoto Prefecture (location very approximate, either low mountain or suburban region)",Japan,35.0282,135.7626,?,call,"Gathering on an electric wire under cloudy sky (before rain).
Call before starting to fly.
In suburban region of Kyoto city.

bird-seen:yes

playback-used:no",,193685,//creativecommons.org/licenses/by-nc-sa/4.0/
"Red-rumped Swallow","Cecropis daurica",,"Anon Torimi",2014-09-01,06:30,"Kyoto City, Kyoto Prefecture (location very approximate, either low mountain or suburban region)",Japan,35.0282,135.7626,?,"call, song","Gathering on an electric wire under cloudy sky (before rain).
(Sub)song of an adult bird.
In suburban region of Kyoto city.

bird-seen:yes

playback-used:no",,193684,//creativecommons.org/licenses/by-nc-sa/4.0/
"Red-rumped Swallow","Cecropis daurica",,"Anon Torimi",2014-08-24,06:30,"Kyoto City, Kyoto Prefecture (location very approximate, either low mountain or suburban region)",Japan,35.0282,135.7626,?,"call, flight call","Recorded in flight.
In suburban region of Kyoto city.


bird-seen:yes

playback-used:no",,192364,//creativecommons.org/licenses/by-nc-sa/4.0/
"Red-rumped Swallow","Cecropis daurica",,"Anon Torimi",2014-08-24,06:30,"Kyoto City, Kyoto Prefecture (location very approximate, either low mountain or suburban region)",Japan,35.0282,135.7626,?,"call, juvenile","Perched on an electronic line.
In suburban region of Kyoto city.

bird-seen:yes

playback-used:no",,192360,//creativecommons.org/licenses/by-nc-sa/4.0/
"Red-rumped Swallow","Cecropis daurica",,"Anon Torimi",2014-08-24,06:30,"Kyoto City, Kyoto Prefecture (location very approximate, either low mountain or suburban region)",Japan,35.0282,135.7626,?,"juvenile, song","Voice of Eurasian tree sparrow (Passer montanus) heavily overlaps, but
longer phrases are (sub)songs by a juvenile red-rumped swallow (Cecropis daurica).
Perching on an electronic line and started preening.
In suburban region of Kyoto city.

bird-seen:yes

playback-used:no","Passer montanus",192359,//creativecommons.org/licenses/by-nc-sa/4.0/
"Red-rumped Swallow","Cecropis daurica",,"Anon Torimi",2014-06-18,05:30,"Kyoto City, Kyoto Prefecture (location very approximate, either low mountain or suburban region)",Japan,35.0282,135.7626,?,"call, flight call","Red-rumped swallows (Cecropis daurica) were flying over mountain.
In low mountain in the suburb of Kyoto city.

bird-seen:no

playback-used:no",,192101,//creativecommons.org/licenses/by-nc-sa/4.0/
"Red-rumped Swallow","Cecropis daurica",,"Anon Torimi",2014-08-17,05:30,"Kyoto City, Kyoto Prefecture (location very approximate, either low mountain or suburban region)",Japan,35.0282,135.7626,?,call,"On an electric wire and then started flying.
In suburban region of Kyoto city.

bird-seen:yes

playback-used:no",,191974,//creativecommons.org/licenses/by-nc-sa/4.0/
"Red-rumped Swallow","Cecropis daurica",,"Anon Torimi",2014-07-10,06:30,"Kyoto City, Kyoto Prefecture (location very approximate, either low mountain or suburban region)",Japan,35.0282,135.7626,?,"begging call, call, juvenile","A group of fledglings were begging for food.   In suburban region of Kyoto city.


bird-seen:yes

playback-used:no",,191827,//creativecommons.org/licenses/by-nc-sa/4.0/
"Red-rumped Swallow","Cecropis daurica",,"Anon Torimi",2014-08-19,05:30,"Kyoto City, Kyoto Prefecture (location very approximate, either low mountain or suburban region)",Japan,35.0282,135.7626,?,"call, juvenile","In suburban region of Kyoto city.  Three young birds were preening on an electric wire
and then flew away.

bird-seen:yes

playback-used:no","Yungipicus kizuki,Motacilla grandis",191538,//creativecommons.org/licenses/by-nc-sa/4.0/
"Red-rumped Swallow","Cecropis daurica",,"Anon Torimi",2014-08-19,05:30,"Kyoto City, Kyoto Prefecture (location very approximate, either low mountain or suburban region)",Japan,35.0282,135.7626,?,"call, juvenile","In suburban region of Kyoto city.  Three young birds were preening on an electric wire
and then flew off.

bird-seen:yes

playback-used:no",,191537,//creativecommons.org/licenses/by-nc-sa/4.0/
"Red-rumped Swallow","Cecropis daurica",,"Anon Torimi",2014-08-16,06:00,"Kyoto City, Kyoto Prefecture (location very approximate, either low mountain or suburban region)",Japan,35.0282,135.7626,?,"call, flight call","In suburban region of Kyoto city.   Flying over.
 

bird-seen:yes

playback-used:no",,191112,//creativecommons.org/licenses/by-nc-sa/4.0/
"Red-rumped Swallow","Cecropis daurica",,"Anon Torimi",2014-07-20,06:00,"Kyoto City, Kyoto Prefecture (location very approximate, either low mountain or suburban region)",Japan,35.0282,135.7626,?,"flight call","In suburban region of Kyoto city.   Flying and feeding.
Low-frequency artificial noise has been suppressed.


bird-seen:yes

playback-used:no",,190856,//creativecommons.org/licenses/by-nc-sa/4.0/
"Red-rumped Swallow","Cecropis daurica",rufula,"Bram Piot",2014-07-20,09:00,"Near Agia Efimia, Kephalonia, Ionian Islands",Greece,38.2847,20.5854,380,call,"Ca. 5 birds sitting on telephone wires, uttering a few calls and short song phrase

bird-seen:yes

playback-used:no","Cyanistes caeruleus",188710,//creativecommons.org/licenses/by-nc-sa/4.0/
"Red-rumped Swallow","Cecropis daurica",japonica,"Frank Lambert",2014-05-15,16:00,"nr Qinghuazhen, Shangrao, Jiangxi",China,29.3947,117.7835,120,"call, song","Near a nest in a small village

bird-seen:yes

playback-used:no",,186519,//creativecommons.org/licenses/by-nc-nd/4.0/
"Red-rumped Swallow","Cecropis daurica",,"Patrik Åberg",2013-04-03,08:47,"PN de Monfrague, Extremadura",Spain,39.8427,-5.9972,280,call,"

bird-seen:yes

playback-used:no",,148621,//creativecommons.org/licenses/by-nc-sa/3.0/
"Red-rumped Swallow","Cecropis daurica",,"Simone Todisco",2013-08-17,18:30,"Monopoli, Bari, Apulia",Italy,40.8921,17.2762,280,"begging call, juvenile","

bird-seen:yes",,145578,//creativecommons.org/licenses/by-nc-sa/3.0/
"Red-rumped Swallow","Cecropis daurica",,"Francesco Sottile",2013-07-08,10:30,"Civita, Cosenza, Calabria",Italy,39.8114,16.3028,320,"flight call","One pair near the nest

bird-seen:yes

playback-used:no",,144856,//creativecommons.org/licenses/by-nc-sa/3.0/
"Red-rumped Swallow","Cecropis daurica",,"Fernand DEROUSSEN",2000-05-07,?,"Akçakent, Nizip, Gaziantep",Turkey,37.0398,37.7737,500,call,"

bird-seen:yes

playback-used:no",,134475,//creativecommons.org/licenses/by-nc-nd/3.0/
"Red-rumped Swallow","Cecropis daurica",,Marc,2012-05-01,10:00,"General Kolevo, Dobrich-Selska, Dobrich Province",Bulgaria,43.6601,27.9545,0,call,"2 birds flying by

bird-seen:yes

playback-used:no",,133800,//creativecommons.org/licenses/by-nc-sa/3.0/
"Red-rumped Swallow","Cecropis daurica",daurica,"Frank Lambert",2012-06-24,11:00,"Changqing Town, Shaanxi",China,33.595,107.54,1100,"call, juvenile","A young bird sitting on a wire along the main street, presumably fledged from a nes4 under the eaves of nearby houses. Part of same group of birds as on XC113322-23. Already able to fly.

bird-seen:yes

playback-used:no","Passer montanus",113325,//creativecommons.org/licenses/by-nc-nd/4.0/
"Red-rumped Swallow","Cecropis daurica",daurica,"Frank Lambert",2012-06-24,11:00,"Changqing Town, Shaanxi",China,33.595,107.54,1100,call,"Several adults and young birds sitting on a wire along the main street, nesting under the eaves of nearby houses. Calls of same birds as on XC113322-23

bird-seen:yes

playback-used:no",,113324,//creativecommons.org/licenses/by-nc-nd/4.0/
"Red-rumped Swallow","Cecropis daurica",daurica,"Frank Lambert",2012-06-24,11:00,"Changqing Town, Shaanxi",China,33.595,107.54,1090,call,"Several adults and young birds sitting on a wire along the main street, nesting under the eaves of nearby houses

bird-seen:yes

playback-used:no",,113322,//creativecommons.org/licenses/by-nc-nd/4.0/
"Red-rumped Swallow","Cecropis daurica",,"vir joshi",2012-02-11,"10:00 am","saldi pond",India,21.576,71.325,10,song,,"Hirundo rustica",94602,//creativecommons.org/licenses/by-nc-nd/2.5/
"Red-rumped Swallow","Cecropis daurica",,"Jordi Calvet",2011-04-21,10:00,"La Socarrada, Bellaguarda, Catalunya",Spain,41.325,0.735,600,"song in flight",,,76894,//creativecommons.org/licenses/by-nc-nd/2.5/
"Red-rumped Swallow","Cecropis daurica",,"Marco Dragonetti",2011-04-20,17:00,"Cala Moresca, Monte Argentario, Grosseto",Italy,42.4209,11.0951,250,"flight call","one pair near the nest.",,76877,//creativecommons.org/licenses/by-nc-nd/2.5/
"Red-rumped Swallow","Cecropis daurica",,"Marco Dragonetti",2010-07-20,06:00,"Cala Moresca, Monte Argentario, Grosseto",Italy,42.4209,11.0951,250,call,"perched near mud and in flight",,76876,//creativecommons.org/licenses/by-nc-nd/2.5/
"Red-rumped Swallow","Cecropis daurica",,"Louis A. Hansen",2007-03-08,?,"Chervemba-area_ca.2250m, Ndundulu Forest, Udzungwa Mts",Tanzania,-7.7334,36.4956,2250,Call,"Up to 10 individual fouraging along the ridge - potential breeding area with african black swift breeding too",,69849,//creativecommons.org/licenses/by-nc-nd/2.5/
"Red-rumped Swallow","Cecropis daurica",,"Marco Dragonetti",2010-07-20,06:00,"Cala Moresca, Monte Argentario, Grosseto",Italy,42.4209,11.0951,200,"flight call",,,67363,//creativecommons.org/licenses/by-nc-nd/2.5/
"Red-rumped Swallow","Cecropis daurica",,"Marco Dragonetti",2010-07-20,06:00,"Cala Moresca, Monte Argentario, Grosseto",Italy,42.4209,11.0951,200,call,"two birds are on the ground collecting mud for nest","Sylvia atricapilla",67362,//creativecommons.org/licenses/by-nc-nd/2.5/
"Red-rumped Swallow","Cecropis daurica",,"Sander Bot",2010-01-08,?,"Baga Fields, Goa",India,15.562,73.757,3,song,"bird was perched on an electricity wire",,44819,//creativecommons.org/licenses/by-nc-nd/2.5/
"Red-rumped Swallow","Cecropis daurica",,"Jordi Calvet",2009-08-29,19:47,Bellaguarda,Spain,41.3359,0.737,650,song,,,39897,//creativecommons.org/licenses/by-nc-nd/2.5/
"Red-rumped Swallow","Cecropis daurica",,"Jordi Calvet",2009-08-09,19:34,"Bellaguarda, Les Garrigues, Catalunya",Spain,41.3359,0.737,650,call,"adults near a nest.",,38358,//creativecommons.org/licenses/by-nc-nd/2.5/
"Red-rumped Swallow","Cecropis daurica",rufula,"Juan Malo de Molina",2009-07-29,08:30,"Fontenebro, Collado Villalba, Madrid",Spain,40.6553,-3.967,980,"flight call","Current scientific name is Cecropis daurica.",,37228,//creativecommons.org/licenses/by-nc-nd/2.5/
"Red-rumped Swallow","Cecropis daurica",,"Marco Dragonetti",2007-05-22,11:30,"Porto Ercole, Argentario, Grosseto",Italy,42.4042,11.2059,0,"call, song","For more sonograms and recordings check my website: www.birdsongs.it",,35178,//creativecommons.org/licenses/by-nc-nd/2.5/
"Red-rumped Swallow","Cecropis daurica",,"Marco Dragonetti",2007-05-18,11:30,"Porto Ercole, Argentario, Grosseto",Italy,42.4042,11.2059,0,call,"A pair near the nest",,35177,//creativecommons.org/licenses/by-nc-nd/2.5/
"Red-rumped Swallow","Cecropis daurica",erythropygia?,"Stuart Fisher",2006-02-06,a.m,"Odayam, Varkala, Kerala ",India,8.7517,76.6937,0,call,"A small flock containing probable 1st year birds feeding above palms","Acridotheres tristis,Corvus splendens",31620,//creativecommons.org/licenses/by-nc-nd/2.5/
"Red-rumped Swallow","Cecropis daurica",,"Common Jeff（麻杰夫）",2022-05-04,11:00,"Shahe Reservoir, Beijing",China,40.1359,116.2975,40,"call, flight call","

bird-seen:yes

playback-used:no",,722419,//creativecommons.org/licenses/by-nc-sa/4.0/
"Red-rumped Swallow","Cecropis daurica",,"Danuta Peplowska-Marczak",2021-06-19,09:30,"Kolasin, Kolašin Municipality",Montenegro,42.8297,19.5165,950,"adult, call, female, juvenile, male","Fiew Ad. i juv.

bird-seen:yes

playback-used:no",,699938,//creativecommons.org/licenses/by-nc-sa/4.0/
"Red-rumped Swallow","Cecropis daurica",,"Danuta Peplowska-Marczak",2021-06-19,09:30,"Kolasin, Kolašin Municipality",Montenegro,42.8297,19.5165,950,"adult, call, female, juvenile, male","Fiew Ad. i juv.

bird-seen:yes

playback-used:no",,699937,//creativecommons.org/licenses/by-nc-sa/4.0/
"Red-rumped Swallow","Cecropis daurica",,"Antonio Xeira",2017-12-13,12:30,"Bondla Wildlife Sanctuary , North Goa, Goa",India,15.4346,74.0985,320,"adult, call, life stage uncertain, sex uncertain","Calls at 0:0 and 0:25

bird-seen:yes

playback-used:no",,688583,//creativecommons.org/licenses/by-nc-nd/4.0/
"Red-rumped Swallow","Cecropis daurica",,"Jordi Calvet",2021-04-05,10:00,"Bellaguarda, Les Garrigues, Catalunya",Spain,41.3359,0.737,650,"flight call, sex uncertain","

bird-seen:yes

playback-used:no",,638732,//creativecommons.org/licenses/by-nc-sa/4.0/
"Red-rumped Swallow","Cecropis daurica",,"Christian Kerihuel",2021-03-31,09:00,"Leucate, Aude, Occitanie",France,42.9496,3.0279,0,"flight call",,,637458,//creativecommons.org/licenses/by-nc-sa/4.0/
"Red-rumped Swallow","Cecropis daurica",,"Stein Ø. Nilsen",2018-12-16,15:30,"Mullers Mountain Lodge, Lushoto, Tanga Region",Tanzania,-4.7611,38.3342,1600,"call, flight call, life stage uncertain, sex uncertain","

bird-seen:yes

playback-used:no","Corvus albus",587231,//creativecommons.org/licenses/by-nc-sa/4.0/
"Red-rumped Swallow","Cecropis daurica",,"Eduardo Realinho",2020-05-13,19:00,"Campiña Sur (near  Llera), Badajoz, Extremadura",Spain,38.4893,-6.0756,380,"flight call","High-pass 1000hz

Normalized -12db

bird-seen:yes

playback-used:no",,558233,//creativecommons.org/licenses/by-nc-sa/4.0/
"Red-rumped Swallow","Cecropis daurica",,"Peter Boesman",2019-10-31,15:00,"South Pare mountains, Kilimanjaro",Tanzania,-4.1581,37.8695,,call,"Call in flight",,509983,//creativecommons.org/licenses/by-nc-nd/4.0/
"Red-rumped Swallow","Cecropis daurica",,"Anon Torimi",2019-09-05,06:50,"Kyoto City, Kyoto Prefecture (location very approximate, either low mountain or suburban region)",Japan,35.0282,135.7626,?,"call, juvenile","Same juvenile bird as in XC495942.  In flight.


bird-seen:yes

playback-used:no",,495943,//creativecommons.org/licenses/by-nc-sa/4.0/
"Red-rumped Swallow","Cecropis daurica",,"Anon Torimi",2019-09-05,06:50,"Kyoto City, Kyoto Prefecture (location very approximate, either low mountain or suburban region)",Japan,35.0282,135.7626,?,"call, juvenile","Juvenile bird calling on a wire.


bird-seen:yes

playback-used:no","Aegithalos caudatus",495942,//creativecommons.org/licenses/by-nc-sa/4.0/
"Red-rumped Swallow","Cecropis daurica",,"Anon Torimi",2019-06-08,06:00,"Kyoto City, Kyoto Prefecture (location very approximate, either low mountain or suburban region)",Japan,35.0282,135.7626,?,call,"Starting with call of Zosterops japonicus (probably unrelated),
followed by unidentified
unfamiliar phrases (twice).  2.5s cut at 0:02.
I didn't hear any Garrulus glandarius before or after this.
In mountain forest near Kyoto city.

I noticed that this call was from a red-rumped swallow flying above.
It was in forest and I didn't imagine this species.


bird-seen:no

playback-used:no","Zosterops japonicus",479591,//creativecommons.org/licenses/by-nc-sa/4.0/
"Red-rumped Swallow","Cecropis daurica",,"Anon Torimi",2019-06-02,08:40,"Kyoto City, Kyoto Prefecture (location very approximate, either low mountain or suburban region)",Japan,35.0282,135.7626,?,call,"Rather unfamiliar voice, but it was apparently from a flying bird
of this species.


bird-seen:no

playback-used:no",,478273,//creativecommons.org/licenses/by-nc-sa/4.0/
"Red-rumped Swallow","Cecropis daurica",,"Jorge Leitão",2018-08-20,14:01,"Ludo (Quinta do Lago near Almancil), Loulé, Faro",Portugal,37.025,-8.0137,0,"flight call","

bird-seen:yes

playback-used:no",,437891,//creativecommons.org/licenses/by-nc-sa/4.0/
"Red-rumped Swallow","Cecropis daurica",,"Bernard BOUSQUET",2018-06-09,10:30,"Ngorongoro, Arusha Region",Tanzania,-3.2568,35.5355,2400,"flight call","Stop ""Point of view"" from the top of the crater.
Swallows in flight with rufous belly.
I think of Red-rumped swallow (Cecropis daurica)
Thank you for advises
Bernard
********************

bird-seen:yes

playback-used:no",,436739,//creativecommons.org/licenses/by-nc-sa/4.0/
"Red-rumped Swallow","Cecropis daurica",,"Danuta Peplowska-Marczak",2017-07-21,09:30,"Galicnik, Municipality of Mavrovo ",Macedonia,41.5937,20.6541,1400,call,"

bird-seen:yes

playback-used:no",,436340,//creativecommons.org/licenses/by-nc-sa/4.0/
"Red-rumped Swallow","Cecropis daurica",,"Danuta Peplowska-Marczak",2017-07-21,09:30,"Galicnik, Municipality of Mavrovo ",Macedonia,41.5937,20.6541,1400,call,"

bird-seen:yes

playback-used:no",,436339,//creativecommons.org/licenses/by-nc-sa/4.0/
"Red-rumped Swallow","Cecropis daurica",,"Anon Torimi",2018-09-14,06:30,"Kyoto City, Kyoto Prefecture (location very approximate, either low mountain or suburban region)",Japan,35.0282,135.7626,?,call,"Another type of call.  Voice in flight.


bird-seen:yes

playback-used:no",,434074,//creativecommons.org/licenses/by-nc-sa/4.0/
"Red-rumped Swallow","Cecropis daurica",,"Anon Torimi",2018-09-14,06:30,"Kyoto City, Kyoto Prefecture (location very approximate, either low mountain or suburban region)",Japan,35.0282,135.7626,?,call,"Voice in flight (and foraging).


bird-seen:yes

playback-used:no",,434073,//creativecommons.org/licenses/by-nc-sa/4.0/
"Red-rumped Swallow","Cecropis daurica",,"Joost van Bruggen",2018-08-07,08:52,"El Condado (near  Almonte), Huelva, Andalucía",Spain,37.0472,-6.5665,40,"call, contact call, flight call, song","Flying around at the visitor centre, at the end some Barns Swallows interfere

bird-seen:yes

playback-used:no","Hirundo rustica",430819,//creativecommons.org/licenses/by-nc-nd/4.0/
"Red-rumped Swallow","Cecropis daurica",,"Jorge Leitão",2017-08-16,09:58,"Ria de Alvor, Mexilhoeira Grande, Portimão, Faro",Portugal,37.1299,-8.6099,0,"call, song","

bird-seen:yes

playback-used:no",,430742,//creativecommons.org/licenses/by-nc-sa/4.0/
"Red-rumped Swallow","Cecropis daurica",,"Stanislas Wroza",2018-07-01,07:00,"Parque Nacional de Monfragüe (near  Torrejón el Rubio), Cáceres, Extremadura",Spain,39.8276,-6.0577,260,"call, flight call","

bird-seen:yes

playback-used:no",,423984,//creativecommons.org/licenses/by-nc-sa/4.0/
"Red-rumped Swallow","Cecropis daurica",,"Stanislas Wroza",2018-07-01,07:00,"Parque Nacional de Monfragüe (near  Torrejón el Rubio), Cáceres, Extremadura",Spain,39.8276,-6.0577,260,"call, flight call","

bird-seen:yes

playback-used:no",,423983,//creativecommons.org/licenses/by-nc-sa/4.0/
"Red-rumped Swallow","Cecropis daurica",,"Stanislas Wroza",2018-07-01,07:00,"Parque Nacional de Monfragüe (near  Torrejón el Rubio), Cáceres, Extremadura",Spain,39.8276,-6.0577,260,"call, flight call","

bird-seen:yes

playback-used:no",,423980,//creativecommons.org/licenses/by-nc-sa/4.0/
"Red-rumped Swallow","Cecropis daurica",,"Stanislas Wroza",2018-07-01,07:00,"Parque Nacional de Monfragüe (near  Torrejón el Rubio), Cáceres, Extremadura",Spain,39.8276,-6.0577,260,"call, flight call","

bird-seen:yes

playback-used:no",,423974,//creativecommons.org/licenses/by-nc-sa/4.0/
"Red-rumped Swallow","Cecropis daurica",,"Stanislas Wroza",2018-07-01,07:00,"Parque Nacional de Monfragüe (near  Torrejón el Rubio), Cáceres, Extremadura",Spain,39.8276,-6.0577,260,"call, flight call","

bird-seen:yes

playback-used:no",,423913,//creativecommons.org/licenses/by-nc-sa/4.0/
"Red-rumped Swallow","Cecropis daurica",,"Stanislas Wroza",2018-07-01,07:00,"Parque Nacional de Monfragüe (near  Torrejón el Rubio), Cáceres, Extremadura",Spain,39.8276,-6.0577,260,subsong,"

bird-seen:yes

playback-used:no",,423912,//creativecommons.org/licenses/by-nc-sa/4.0/
"Red-rumped Swallow","Cecropis daurica",,"Stanislas Wroza",2018-07-01,07:00,"Parque Nacional de Monfragüe (near  Torrejón el Rubio), Cáceres, Extremadura",Spain,39.8276,-6.0577,260,"call, flight call","

bird-seen:yes

playback-used:no",,423911,//creativecommons.org/licenses/by-nc-sa/4.0/
"Red-rumped Swallow","Cecropis daurica",,"Stanislas Wroza",2018-07-01,07:00,"Parque Nacional de Monfragüe (near  Torrejón el Rubio), Cáceres, Extremadura",Spain,39.8276,-6.0577,260,"call, flight call","

bird-seen:yes

playback-used:no",,423903,//creativecommons.org/licenses/by-nc-sa/4.0/
"Red-rumped Swallow","Cecropis daurica",,"Stanislas Wroza",2018-05-26,13:00,"Sierra de Cádiz (near  Grazalema), Cádiz, Andalucía",Spain,36.7474,-5.4496,750,"flight call","

bird-seen:yes

playback-used:no",,417707,//creativecommons.org/licenses/by-nc-sa/4.0/
"Red-rumped Swallow","Cecropis daurica",,"Peter Boesman",2018-05-05,15:00,"Póvoa de São Miguel, Mourão, Beja",Portugal,38.3037,-7.3294,170,call,"Two birds around a puddle to get mud.",,416672,//creativecommons.org/licenses/by-nc-nd/4.0/
"Red-rumped Swallow","Cecropis daurica",,"Terje Kolaas",2017-03-10,13:00,Marrakech,Morocco,31.6386,-8.0055,460,song,"

bird-seen:yes

playback-used:no",,383546,//creativecommons.org/licenses/by-nc-nd/4.0/
"Red-rumped Swallow","Cecropis daurica",japonica,"Guy Kirwan",2017-04-24,07:00,"Shangrao, Jiangxi",China,29.1689,117.8414,80,call,"Both Red-rumped and Barn Swallows calling occasionally as they collected mud from the ground in a farmyard.

bird-seen:yes

playback-used:no","Hirundo rustica",379520,//creativecommons.org/licenses/by-nc-sa/4.0/
"Red-rumped Swallow","Cecropis daurica",,"Stanislas Wroza",2017-04-27,18:30,"Hyères, Var, Provence-Alpes-Côte d'Azur",France,43.0671,6.138,0,"flight call","

bird-seen:yes

playback-used:no",,371021,//creativecommons.org/licenses/by-nc-sa/4.0/
"Red-rumped Swallow","Cecropis daurica",emini,"Frank Lambert",2015-12-01,10:39,"Malawi-Zambia border nr Chelinda, Nyika NP, Chitipa, Northern Region",Zambia,-10.5714,33.6891,2100,"flight call","Although the birds were seen, views were poor and there is a small possibility that this was in fact Red-breasted Swallow C. semirufa but the voice does not seem to match that species. The birds were flying around exposed rocks where they were possibly breeding.

bird-seen:yes

playback-used:no",,365003,//creativecommons.org/licenses/by-nc-nd/4.0/
"Red-rumped Swallow","Cecropis daurica",,"Jordi Calvet",2016-08-21,19:41,"Serrall de les Espadelles, El Priorat, Catalunya",Spain,41.3196,0.7883,700,"flight call","

bird-seen:yes

playback-used:no",,334160,//creativecommons.org/licenses/by-nc-sa/4.0/
"Red-rumped Swallow","Cecropis daurica",,"Anon Torimi",2016-08-30,06:30,"Kyoto City, Kyoto Prefecture (location very approximate, either low mountain or suburban region)",Japan,35.0282,135.7626,?,call,"Voice of adults near the nesting site (cf. XC333007).

bird-seen:yes

playback-used:no",,333008,//creativecommons.org/licenses/by-nc-sa/4.0/
"Red-rumped Swallow","Cecropis daurica",,"Anon Torimi",2016-08-30,06:30,"Kyoto City, Kyoto Prefecture (location very approximate, either low mountain or suburban region)",Japan,35.0282,135.7626,?,"begging call, call, juvenile, voice of fledglings","Fledgling from the second clutch in this season.    Also begging calls
during visits of the parents.


bird-seen:yes

playback-used:no",,333007,//creativecommons.org/licenses/by-nc-sa/4.0/
"Red-rumped Swallow","Cecropis daurica",rufula,"Lars Lachmann",2016-07-25,06:00,"Tochni, Larnaka",Cyprus,34.7685,33.3206,100,"flight call","3 flight calls given by a bird flying past together with 3 other birds

bird-seen:yes

playback-used:no",,330925,//creativecommons.org/licenses/by-nc-sa/4.0/
"Red-rumped Swallow","Cecropis daurica",,"José Carlos Sires",2016-07-24,?,"zona de playa, algeciras, cádiz, andalucía",Spain,36.1666,-5.435,?,"flight call","Volando cerca de un antiguo bunquer militar avandonado que se encuentra en una playa tranquila.

bird-seen:yes

playback-used:no",,330427,//creativecommons.org/licenses/by-nc-sa/4.0/
"Red-rumped Swallow","Cecropis daurica",,"Anon Torimi",2016-06-25,06:30,"Kyoto City, Kyoto Prefecture (location very approximate, either low mountain or suburban region)",Japan,35.0282,135.7626,?,"alarm call?, call","Near the colony.  The bird repeated issued this notes
when crows came close to the nest.  Alarm call?


bird-seen:yes

playback-used:no","Corvus macrorhynchos,Passer montanus",323997,//creativecommons.org/licenses/by-nc-sa/4.0/
"Red-rumped Swallow","Cecropis daurica",,"Anon Torimi",2016-06-17,06:30,"Kyoto City, Kyoto Prefecture (location very approximate, either low mountain or suburban region)",Japan,35.0282,135.7626,?,song,"Near the breeding colony.

bird-seen:yes

playback-used:no","Passer montanus",322086,//creativecommons.org/licenses/by-nc-sa/4.0/
"Red-rumped Swallow","Cecropis daurica",,"Anon Torimi",2016-06-15,06:00,"Kyoto City, Kyoto Prefecture (location very approximate, either low mountain or suburban region)",Japan,35.0282,135.7626,?,"begging call, call, voice of nestlings","Voice of nestlings (when fed).

bird-seen:yes

playback-used:no","Hypsipetes amaurotis",321645,//creativecommons.org/licenses/by-nc-sa/4.0/
"Red-rumped Swallow","Cecropis daurica",,"José Carlos Sires",2016-03-26,?,"arroyo algarbe, hinojos, huelva, andalucía",Spain,37.3006,-6.3783,?,"male, song","El ecosistema consiste en un arroyo seco en la mayor parte de su recorrido, pero la cercanía del nivel freático a la superficie permite la existencia de bosques de álamo, tarajales y carrizal que aunque han sido eliminados en gran parte aún quedan fragmentos. Más allá hay un mosaico de pinar, olivares, algunos restos de alcornocal-encinar, viñedos y cultivos de leguminosas y cereal.

bird-seen:yes

playback-used:no",,310524,//creativecommons.org/licenses/by-nc-sa/4.0/
"Red-rumped Swallow","Cecropis daurica",,"Cedric Mroczko",2016-02-28,12:35,"Zouiet El Mgaiez, Haouaria, Nabeul",Tunisia,36.9585,10.8658,10,"flight call","High-pass filtered (500Hz, 6dB)

bird-seen:yes

playback-used:no",,310321,//creativecommons.org/licenses/by-nc-sa/4.0/
"Red-rumped Swallow","Cecropis daurica",japonica,"Qin Huang",2016-02-27,11:30,"Qianqiao, Yingde, Qingyuan Shi, Guangdong Sheng",China,24.283,113.3437,30,song,"

bird-seen:yes

playback-used:no",,307163,//creativecommons.org/licenses/by-sa/4.0/
"Red-rumped Swallow","Cecropis daurica",,"Guido O. Keijl",2014-01-24,09:00,"Tanomah, Aseer Province","Saudi Arabia",18.9633,42.1312,2300,"flight call","Two birds feeding.

bird-seen:yes

playback-used:no",,293058,//creativecommons.org/licenses/by-nc-sa/4.0/
"Red-rumped Swallow","Cecropis daurica",,"José Carlos Sires",2015-06-28,?,"parque del alamillo, sevilla, andalucía",Spain,37.4176,-5.9972,?,"flight call","Gran parque periurbano basado plenamente en vegetación autóptona. Cerca de él pasa el río Guadalquivir y se ha aprovechado su curso para hacer dos lagunas que también disponen de vegetación riparia. A causa de todo ésto el lugar cuenta con una gran diversidad ornítica.

bird-seen:yes

playback-used:no",,282735,//creativecommons.org/licenses/by-nc-sa/4.0/
"Red-rumped Swallow","Cecropis daurica",,"José Carlos Sires",2015-06-10,?,"parque infanta elena, sevilla, andalucía",Spain,37.3929,-5.931,?,"male, song","Revoloteando cerca de un puente. Pinar abierto poco saludable, con bastantes árboles enfermos o muertos. También un pequeño estanque con algunos algarrobos y árboles de ribera.

bird-seen:yes

playback-used:no",,279611,//creativecommons.org/licenses/by-nc-sa/4.0/
"Red-rumped Swallow","Cecropis daurica",,"José Carlos Sires",2015-05-27,?,"cerca del pantano de la minilla, sevilla, andalucía",Spain,37.7151,-6.2141,?,"female, flight call, male, song","Una pareja volando cerca de un almacén de pienso donde presumiblemente tienen su nido. El hábitat consiste en bosque mediterráneo de quercíneas y acebuches mezclado con matorral. El suelo es más bien escarpado y hay algunos valles en los que se acumula más la humedad y son de carácter más humbrío. También hay algunos cultivos y la zona está salpicada de construcciones destinadas al ganado, como almacenes, cercados, etc.


bird-seen:yes

playback-used:no",,278426,//creativecommons.org/licenses/by-nc-sa/4.0/
"Red-rumped Swallow","Cecropis daurica",,"José Carlos Sires",2014-09-30,?,"sobral de adiça",Portugal,38.0272,-7.2861,?,"flight call","Drink in fly. Bebiendo en vuelo en un charco cerca de un bar de carretera.

bird-seen:yes

playback-used:no",,199570,//creativecommons.org/licenses/by-nc-sa/4.0/
"Red-rumped Swallow","Cecropis daurica",,"Anon Torimi",2014-09-16,06:30,"Kyoto City, Kyoto Prefecture (location very approximate, either low mountain or suburban region)",Japan,35.0282,135.7626,?,call,"Rather distant on an electric wire.  Repeated phrases.
In suburban region of Kyoto city.


bird-seen:yes

playback-used:no","Zosterops japonicus,Hypsipetes amaurotis",195713,//creativecommons.org/licenses/by-nc-sa/4.0/
"Red-rumped Swallow","Cecropis daurica",,"Anon Torimi",2014-09-06,06:30,"Kyoto City, Kyoto Prefecture (location very approximate, either low mountain or suburban region)",Japan,35.0282,135.7626,?,"call, flight call","Birds in flight.
In suburban region of Kyoto city.

bird-seen:yes

playback-used:no","Corvus macrorhynchos",194355,//creativecommons.org/licenses/by-nc-sa/4.0/
"Red-rumped Swallow","Cecropis daurica",,"Mandar Bhagat",2013-06-16,01:00,"Ponda, North Goa, Goa",India,15.3905,74.0178,60,song,"Extract from Video 

bird-seen:yes

playback-used:no",,192213,//creativecommons.org/licenses/by-nc-nd/4.0/
"Red-rumped Swallow","Cecropis daurica",,"Anon Torimi",2014-08-16,06:00,"Kyoto City, Kyoto Prefecture (location very approximate, either low mountain or suburban region)",Japan,35.0282,135.7626,?,"call, flight call","In suburban region of Kyoto city.   Flying over.   Cicada sounds contaminate.
Low-frequency noise has been suppressed.


bird-seen:yes

playback-used:no",,191113,//creativecommons.org/licenses/by-nc-sa/4.0/
"Red-rumped Swallow","Cecropis daurica",,"Anon Torimi",2014-07-26,06:00,"Kyoto City, Kyoto Prefecture (location very approximate, either low mountain or suburban region)",Japan,35.0282,135.7626,?,call,"In suburban region of Kyoto city.  Preening.  The strong high-frequency background
(cicada) and low-frequency noise have been suppressed.


bird-seen:yes

playback-used:no",,190868,//creativecommons.org/licenses/by-nc-sa/4.0/
"Red-rumped Swallow","Cecropis daurica",daurica,"Frank Lambert",2012-06-24,11:00,"Changqing Town, Shaanxi",China,33.595,107.54,1100,call,"Several adults and young birds sitting on a wire along the main street, nesting under the eaves of nearby houses. Calls of same birds as on XC113322

bird-seen:yes

playback-used:no",,113323,//creativecommons.org/licenses/by-nc-nd/4.0/
"Red-rumped Swallow","Cecropis daurica",,"Cedric Mroczko",2021-04-25,19:30,"Cordes-sur-Ciel, Tarn, Occitanie",France,44.0642,1.9519,280,"flight call","High-pass filtered (500Hz, 6dB). d100 + stereo clippy em272

bird-seen:no

playback-used:no","Coloeus monedula,Apus apus,Motacilla alba,Turdus merula",642599,//creativecommons.org/licenses/by-nc-sa/4.0/
"Red-rumped Swallow","Cecropis daurica",,"Jorge Leitão",2018-10-06,10:20,"Peredo da Bemposta, Mogadouro, Bragança",Portugal,41.2801,-6.5517,700,"flight call","

bird-seen:yes

playback-used:no",,445617,//creativecommons.org/licenses/by-nc-sa/4.0/
"Red-rumped Swallow","Cecropis daurica",,"José Carlos Sires",2016-07-24,?,"sierra carbonera, algeciras, cádiz, andalucía",Spain,36.1248,-5.4962,?,"flight call","Volando cerca de un antiguo bunquer militar avandonado que se encuentra en la cresta de un monte cubierto de matorral espinoso.

bird-seen:yes

playback-used:no",,330426,//creativecommons.org/licenses/by-nc-sa/4.0/
"Red-rumped Swallow","Cecropis daurica",,"José Carlos Sires",2016-07-24,?,"sierra carbonera, algeciras, cádiz, andalucía",Spain,36.1248,-5.4962,?,"flight call","Volando cerca de un antiguo bunquer militar avandonado que se encuentra en la cresta de un monte cubierto de matorral espinoso.

bird-seen:yes

playback-used:no",,330425,//creativecommons.org/licenses/by-nc-sa/4.0/
"Red-rumped Swallow","Cecropis daurica",,"Cedric Mroczko",2016-02-28,12:35,"Zouiet El Mgaiez, Haouaria, Nabeul",Tunisia,36.9585,10.8658,10,"flight call","High-pass filtered (500Hz, 6dB)

bird-seen:yes

playback-used:no",,310320,//creativecommons.org/licenses/by-nc-sa/4.0/
"Red-rumped Swallow","Cecropis daurica",,"José Carlos Sires",2015-06-03,?,"ruta del agua, guillena, sevilla, andalucía",Spain,37.5753,-6.059,?,call,"Dos llamadas de un individuo lejano. Un túnel horadado en la montaña por donde pasaba una vía de tren hoy avandonada. Bosque mediterráneo con acebuches, algunos pinos y algunas quercíneas. hay buen matorral de sotobosque y el suelo es rocoso y escarpado.

bird-seen:yes

playback-used:no",,278775,//creativecommons.org/licenses/by-nc-sa/4.0/
"Red-rumped Swallow","Cecropis daurica",,"José Carlos Sires",2014-05-24,?,"río parroso, cantillana, sevilla, andalucía",Spain,37.6431,-5.7447,?,"flight call","Building a nest. A river with natural and hornamental vegetation. Construyendo un nido bajo un puente. Un curso de río con eneas, carrizos, juncos y alguna que otra vegetación natural más, además de acacias, eucaliptos, moreras e higueras. También ruinas de varias casas.

bird-seen:yes

playback-used:no",,179801,//creativecommons.org/licenses/by-nc-sa/4.0/
"Red-rumped Swallow","Cecropis daurica",,"José Carlos Sires",2014-04-25,?,"lora del río, sevilla, andalucía",Spain,,,?,"flight call, male","Migratory birds. Mediterranean mixed forest with olea europaea, quercus spp and Pinus Pinea with bush of Mirtus Comunis, Cistus Spp and another species. Pájaros en paso migratorio. Bosque mediterráneo de pinos, olivos y encinas mezclado con matorral de mirto, jara y otras especies.

bird-seen:yes

playback-used:no","Turdus merula",178394,//creativecommons.org/licenses/by-nc-sa/4.0/
"Red-rumped Swallow","Cecropis daurica",,"Bernard BOUSQUET",2014-05-07,15:30,"Los Filabres-Tabernas (near  Tabernas), Almería, Andalusia",Spain,37.0705,-2.3775,440,"flight call","

bird-seen:yes

playback-used:no",,178273,//creativecommons.org/licenses/by-nc-sa/4.0/
"Red-rumped Swallow","Cecropis daurica",,"José Carlos Sires",2014-04-19,?,"lora del río, sevilla, andalucía",Spain,,,?,"male, song","Mediterranean mixed forest with Olea Europaea, Quercus Spp and Pinus Pinea with bush of Cistus Spp., Mirtus Comunis and another species. Bosque mediterráneo de olivos, pinos y encinas mezclado con matorral de mirto, jara y otras especies.


bird-seen:yes

playback-used:no",,176035,//creativecommons.org/licenses/by-nc-sa/4.0/
"Red-rumped Swallow","Cecropis daurica",,"José Carlos Sires",2014-04-25,?,"lora del río, sevilla, andalucía",Spain,,,?,"flight call","Migratory birds. Mediterranean mixed forest with olea europaea, quercus spp and Pinus Pinea with bush of Mirtus Comunis, Cistus Spp and another species. Pájaros en paso migratorio. Bosque mediterráneo de pinos, olivos y encinas mezclado con matorral de mirto, jara y otras especies.

bird-seen:yes

playback-used:no",,178398,//creativecommons.org/licenses/by-nc-sa/4.0/
"Red-rumped Swallow","Cecropis daurica",,"José Carlos Sires",2014-04-25,?,"lora del río, sevilla, andalucía",Spain,,,?,"call, male, song","Migratory birds. Mediterranean mixed forest with olea europaea, quercus spp and Pinus Pinea with bush of Mirtus Comunis, Cistus Spp and another species. Pájaros en paso migratorio. Bosque mediterráneo de pinos, olivos y encinas mezclado con matorral de mirto, jara y otras especies.

bird-seen:yes

playback-used:no",,178397,//creativecommons.org/licenses/by-nc-sa/4.0/
"Red-rumped Swallow","Cecropis daurica",,"José Carlos Sires",2014-04-25,?,"lora del río, sevilla, andalucía",Spain,,,?,"call, male","Migratory birds. Mediterranean mixed forest with olea europaea, quercus spp and Pinus Pinea with bush of Mirtus Comunis, Cistus Spp and another species. Pájaros en paso migratorio. Bosque mediterráneo de pinos, olivos y encinas mezclado con matorral de mirto, jara y otras especies.

bird-seen:yes

playback-used:no","Turdus merula",178396,//creativecommons.org/licenses/by-nc-sa/4.0/
"Red-rumped Swallow","Cecropis daurica",,"José Carlos Sires",2014-04-25,?,"lora del río, sevilla, andalucía",Spain,,,?,"male, song","Migratory birds. Mediterranean mixed forest with olea europaea, quercus spp and Pinus Pinea with bush of Mirtus Comunis, Cistus Spp and another species. Pájaros en paso migratorio. Bosque mediterráneo de pinos, olivos y encinas mezclado con matorral de mirto, jara y otras especies.

bird-seen:yes

playback-used:no","Turdus merula",178395,//creativecommons.org/licenses/by-nc-sa/4.0/
"Red-rumped Swallow","Cecropis daurica",,"José Carlos Sires",2014-04-25,?,"lora del río, sevilla, andalucía",Spain,,,?,"male, song","Migratory birds. Mediterranean mixed forest with olea europaea, quercus spp and Pinus Pinea with bush of Mirtus Comunis, Cistus Spp and another species. Pájaros en paso migratorio. Bosque mediterráneo de pinos, olivos y encinas mezclado con matorral de mirto, jara y otras especies.

bird-seen:yes

playback-used:no",,178393,//creativecommons.org/licenses/by-nc-sa/4.0/
"Red-rumped Swallow","Cecropis daurica",,"José Carlos Sires",2014-04-25,?,"lora del río, sevilla, andalucía",Spain,,,?,call,"Migratory birds. Two type calls of a perched bird. Mediterranean mixed forest with olea europaea, quercus spp and Pinus Pinea with bush of Mirtus Comunis, Cistus Spp and another species. Pájaros en paso migratorio. Dos tipos de llamadas de un pájaro que se posa un momento. Bosque mediterráneo de pinos, olivos y encinas mezclado con matorral de mirto, jara y otras especies.

bird-seen:yes

playback-used:no",,178392,//creativecommons.org/licenses/by-nc-sa/4.0/
"Red-rumped Swallow","Cecropis daurica",,"José Carlos Sires",2014-04-25,?,"lora del río, sevilla, andalucía",Spain,,,?,"flight call","Migratory birds. Mediterranean mixed forest with olea europaea, quercus spp and Pinus Pinea with bush of Mirtus Comunis, Cistus Spp and another species. Pájaros en paso migratorio. Bosque mediterráneo de pinos, olivos y encinas mezclado con matorral de mirto, jara y otras especies.

bird-seen:yes

playback-used:no",,178391,//creativecommons.org/licenses/by-nc-sa/4.0/
"Red-rumped Swallow","Cecropis daurica",,"José Carlos Sires",2014-04-12,?,"complejo endorréico de las cabezas de san juan, sevilla, andalucía",Spain,36.902,-5.8975,?,"flight call","Various lagoons with a mix of natural and cultivated vegetation. La zona consta de varias lagunas endorráicas con carrizos y demás vegetación natural y rodeadas de un mosaico de cultivos y vegetación autóptona.

bird-seen:yes

playback-used:no",,175388,//creativecommons.org/licenses/by-nc-sa/4.0/
